nohup: ignoring input
/home/ubuntu/telegram_project/bot.py:176: PTBUserWarning: If 'per_message=False', 'CallbackQueryHandler' will not be tracked for every message. Read this FAQ entry to learn more about the per_* settings: https://github.com/python-telegram-bot/python-telegram-bot/wiki/Frequently-Asked-Questions#what-do-the-per_-settings-in-conversationhandler-do.
  conv = ConversationHandler(
2025-12-27 05:37:40,320 | INFO | root | 🤖 Bot is starting (polling)...
2025-12-27 05:37:40,804 | INFO | httpx | HTTP Request: POST https://api.telegram.org/bot2123990609:AAF0MTb658CD15pPwAFWTsMesXMLiykRRNk/getMe "HTTP/1.1 200 OK"
2025-12-27 05:37:40,805 | INFO | telegram.ext.Application | Application started
2025-12-27 05:37:40,964 | INFO | httpx | HTTP Request: POST https://api.telegram.org/bot2123990609:AAF0MTb658CD15pPwAFWTsMesXMLiykRRNk/deleteWebhook "HTTP/1.1 200 OK"
2025-12-27 05:37:51,445 | INFO | httpx | HTTP Request: POST https://api.telegram.org/bot2123990609:AAF0MTb658CD15pPwAFWTsMesXMLiykRRNk/getUpdates "HTTP/1.1 200 OK"
2025-12-27 05:38:01,608 | INFO | httpx | HTTP Request: POST https://api.telegram.org/bot2123990609:AAF0MTb658CD15pPwAFWTsMesXMLiykRRNk/getUpdates "HTTP/1.1 200 OK"
2025-12-27 05:38:11,768 | INFO | httpx | HTTP Request: POST https://api.telegram.org/bot2123990609:AAF0MTb658CD15pPwAFWTsMesXMLiykRRNk/getUpdates "HTTP/1.1 200 OK"
2025-12-27 05:38:21,930 | INFO | httpx | HTTP Request: POST https://api.telegram.org/bot2123990609:AAF0MTb658CD15pPwAFWTsMesXMLiykRRNk/getUpdates "HTTP/1.1 200 OK"
2025-12-27 05:38:32,092 | INFO | httpx | HTTP Request: POST https://api.telegram.org/bot2123990609:AAF0MTb658CD15pPwAFWTsMesXMLiykRRNk/getUpdates "HTTP/1.1 200 OK"
2025-12-27 05:38:42,260 | INFO | httpx | HTTP Request: POST https://api.telegram.org/bot2123990609:AAF0MTb658CD15pPwAFWTsMesXMLiykRRNk/getUpdates "HTTP/1.1 200 OK"
2025-12-27 05:38:52,430 | INFO | httpx | HTTP Request: POST https://api.telegram.org/bot2123990609:AAF0MTb658CD15pPwAFWTsMesXMLiykRRNk/getUpdates "HTTP/1.1 200 OK"
2025-12-27 05:39:02,591 | INFO | httpx | HTTP Request: POST https://api.telegram.org/bot2123990609:AAF0MTb658CD15pPwAFWTsMesXMLiykRRNk/getUpdates "HTTP/1.1 200 OK"
2025-12-27 05:39:12,750 | INFO | httpx | HTTP Request: POST https://api.telegram.org/bot2123990609:AAF0MTb658CD15pPwAFWTsMesXMLiykRRNk/getUpdates "HTTP/1.1 200 OK"
2025-12-27 05:39:22,912 | INFO | httpx | HTTP Request: POST https://api.telegram.org/bot2123990609:AAF0MTb658CD15pPwAFWTsMesXMLiykRRNk/getUpdates "HTTP/1.1 200 OK"
2025-12-27 05:39:33,072 | INFO | httpx | HTTP Request: POST https://api.telegram.org/bot2123990609:AAF0MTb658CD15pPwAFWTsMesXMLiykRRNk/getUpdates "HTTP/1.1 200 OK"
2025-12-27 05:39:43,232 | INFO | httpx | HTTP Request: POST https://api.telegram.org/bot2123990609:AAF0MTb658CD15pPwAFWTsMesXMLiykRRNk/getUpdates "HTTP/1.1 200 OK"
2025-12-27 05:39:53,394 | INFO | httpx | HTTP Request: POST https://api.telegram.org/bot2123990609:AAF0MTb658CD15pPwAFWTsMesXMLiykRRNk/getUpdates "HTTP/1.1 200 OK"
2025-12-27 05:40:03,555 | INFO | httpx | HTTP Request: POST https://api.telegram.org/bot2123990609:AAF0MTb658CD15pPwAFWTsMesXMLiykRRNk/getUpdates "HTTP/1.1 200 OK"
2025-12-27 05:40:13,718 | INFO | httpx | HTTP Request: POST https://api.telegram.org/bot2123990609:AAF0MTb658CD15pPwAFWTsMesXMLiykRRNk/getUpdates "HTTP/1.1 200 OK"
2025-12-27 05:40:23,878 | INFO | httpx | HTTP Request: POST https://api.telegram.org/bot2123990609:AAF0MTb658CD15pPwAFWTsMesXMLiykRRNk/getUpdates "HTTP/1.1 200 OK"
2025-12-27 05:40:34,045 | INFO | httpx | HTTP Request: POST https://api.telegram.org/bot2123990609:AAF0MTb658CD15pPwAFWTsMesXMLiykRRNk/getUpdates "HTTP/1.1 200 OK"
2025-12-27 05:40:44,207 | INFO | httpx | HTTP Request: POST https://api.telegram.org/bot2123990609:AAF0MTb658CD15pPwAFWTsMesXMLiykRRNk/getUpdates "HTTP/1.1 200 OK"
2025-12-27 05:40:54,376 | INFO | httpx | HTTP Request: POST https://api.telegram.org/bot2123990609:AAF0MTb658CD15pPwAFWTsMesXMLiykRRNk/getUpdates "HTTP/1.1 200 OK"
2025-12-27 05:41:04,537 | INFO | httpx | HTTP Request: POST https://api.telegram.org/bot2123990609:AAF0MTb658CD15pPwAFWTsMesXMLiykRRNk/getUpdates "HTTP/1.1 200 OK"
2025-12-27 05:41:14,702 | INFO | httpx | HTTP Request: POST https://api.telegram.org/bot2123990609:AAF0MTb658CD15pPwAFWTsMesXMLiykRRNk/getUpdates "HTTP/1.1 200 OK"
2025-12-27 05:41:24,868 | INFO | httpx | HTTP Request: POST https://api.telegram.org/bot2123990609:AAF0MTb658CD15pPwAFWTsMesXMLiykRRNk/getUpdates "HTTP/1.1 200 OK"
2025-12-27 05:41:35,029 | INFO | httpx | HTTP Request: POST https://api.telegram.org/bot2123990609:AAF0MTb658CD15pPwAFWTsMesXMLiykRRNk/getUpdates "HTTP/1.1 200 OK"
2025-12-27 05:41:45,190 | INFO | httpx | HTTP Request: POST https://api.telegram.org/bot2123990609:AAF0MTb658CD15pPwAFWTsMesXMLiykRRNk/getUpdates "HTTP/1.1 200 OK"
2025-12-27 05:41:55,353 | INFO | httpx | HTTP Request: POST https://api.telegram.org/bot2123990609:AAF0MTb658CD15pPwAFWTsMesXMLiykRRNk/getUpdates "HTTP/1.1 200 OK"
2025-12-27 05:42:05,513 | INFO | httpx | HTTP Request: POST https://api.telegram.org/bot2123990609:AAF0MTb658CD15pPwAFWTsMesXMLiykRRNk/getUpdates "HTTP/1.1 200 OK"
2025-12-27 05:42:15,674 | INFO | httpx | HTTP Request: POST https://api.telegram.org/bot2123990609:AAF0MTb658CD15pPwAFWTsMesXMLiykRRNk/getUpdates "HTTP/1.1 200 OK"
2025-12-27 05:42:25,837 | INFO | httpx | HTTP Request: POST https://api.telegram.org/bot2123990609:AAF0MTb658CD15pPwAFWTsMesXMLiykRRNk/getUpdates "HTTP/1.1 200 OK"
2025-12-27 05:42:36,006 | INFO | httpx | HTTP Request: POST https://api.telegram.org/bot2123990609:AAF0MTb658CD15pPwAFWTsMesXMLiykRRNk/getUpdates "HTTP/1.1 200 OK"
2025-12-27 05:42:46,168 | INFO | httpx | HTTP Request: POST https://api.telegram.org/bot2123990609:AAF0MTb658CD15pPwAFWTsMesXMLiykRRNk/getUpdates "HTTP/1.1 200 OK"
2025-12-27 05:42:56,328 | INFO | httpx | HTTP Request: POST https://api.telegram.org/bot2123990609:AAF0MTb658CD15pPwAFWTsMesXMLiykRRNk/getUpdates "HTTP/1.1 200 OK"
2025-12-27 05:43:06,492 | INFO | httpx | HTTP Request: POST https://api.telegram.org/bot2123990609:AAF0MTb658CD15pPwAFWTsMesXMLiykRRNk/getUpdates "HTTP/1.1 200 OK"
2025-12-27 05:43:16,659 | INFO | httpx | HTTP Request: POST https://api.telegram.org/bot2123990609:AAF0MTb658CD15pPwAFWTsMesXMLiykRRNk/getUpdates "HTTP/1.1 200 OK"
2025-12-27 05:43:26,819 | INFO | httpx | HTTP Request: POST https://api.telegram.org/bot2123990609:AAF0MTb658CD15pPwAFWTsMesXMLiykRRNk/getUpdates "HTTP/1.1 200 OK"
2025-12-27 05:43:36,980 | INFO | httpx | HTTP Request: POST https://api.telegram.org/bot2123990609:AAF0MTb658CD15pPwAFWTsMesXMLiykRRNk/getUpdates "HTTP/1.1 200 OK"
2025-12-27 05:43:47,140 | INFO | httpx | HTTP Request: POST https://api.telegram.org/bot2123990609:AAF0MTb658CD15pPwAFWTsMesXMLiykRRNk/getUpdates "HTTP/1.1 200 OK"
2025-12-27 05:43:57,300 | INFO | httpx | HTTP Request: POST https://api.telegram.org/bot2123990609:AAF0MTb658CD15pPwAFWTsMesXMLiykRRNk/getUpdates "HTTP/1.1 200 OK"
2025-12-27 05:44:07,461 | INFO | httpx | HTTP Request: POST https://api.telegram.org/bot2123990609:AAF0MTb658CD15pPwAFWTsMesXMLiykRRNk/getUpdates "HTTP/1.1 200 OK"
2025-12-27 05:44:17,623 | INFO | httpx | HTTP Request: POST https://api.telegram.org/bot2123990609:AAF0MTb658CD15pPwAFWTsMesXMLiykRRNk/getUpdates "HTTP/1.1 200 OK"
2025-12-27 05:44:27,782 | INFO | httpx | HTTP Request: POST https://api.telegram.org/bot2123990609:AAF0MTb658CD15pPwAFWTsMesXMLiykRRNk/getUpdates "HTTP/1.1 200 OK"
2025-12-27 05:44:37,942 | INFO | httpx | HTTP Request: POST https://api.telegram.org/bot2123990609:AAF0MTb658CD15pPwAFWTsMesXMLiykRRNk/getUpdates "HTTP/1.1 200 OK"
2025-12-27 05:44:48,102 | INFO | httpx | HTTP Request: POST https://api.telegram.org/bot2123990609:AAF0MTb658CD15pPwAFWTsMesXMLiykRRNk/getUpdates "HTTP/1.1 200 OK"
2025-12-27 05:44:58,272 | INFO | httpx | HTTP Request: POST https://api.telegram.org/bot2123990609:AAF0MTb658CD15pPwAFWTsMesXMLiykRRNk/getUpdates "HTTP/1.1 200 OK"
2025-12-27 05:45:08,432 | INFO | httpx | HTTP Request: POST https://api.telegram.org/bot2123990609:AAF0MTb658CD15pPwAFWTsMesXMLiykRRNk/getUpdates "HTTP/1.1 200 OK"
2025-12-27 05:45:18,594 | INFO | httpx | HTTP Request: POST https://api.telegram.org/bot2123990609:AAF0MTb658CD15pPwAFWTsMesXMLiykRRNk/getUpdates "HTTP/1.1 200 OK"
2025-12-27 05:45:28,754 | INFO | httpx | HTTP Request: POST https://api.telegram.org/bot2123990609:AAF0MTb658CD15pPwAFWTsMesXMLiykRRNk/getUpdates "HTTP/1.1 200 OK"
2025-12-27 05:45:38,914 | INFO | httpx | HTTP Request: POST https://api.telegram.org/bot2123990609:AAF0MTb658CD15pPwAFWTsMesXMLiykRRNk/getUpdates "HTTP/1.1 200 OK"
2025-12-27 05:45:49,073 | INFO | httpx | HTTP Request: POST https://api.telegram.org/bot2123990609:AAF0MTb658CD15pPwAFWTsMesXMLiykRRNk/getUpdates "HTTP/1.1 200 OK"
2025-12-27 05:45:59,233 | INFO | httpx | HTTP Request: POST https://api.telegram.org/bot2123990609:AAF0MTb658CD15pPwAFWTsMesXMLiykRRNk/getUpdates "HTTP/1.1 200 OK"
2025-12-27 05:46:09,393 | INFO | httpx | HTTP Request: POST https://api.telegram.org/bot2123990609:AAF0MTb658CD15pPwAFWTsMesXMLiykRRNk/getUpdates "HTTP/1.1 200 OK"
2025-12-27 05:46:19,553 | INFO | httpx | HTTP Request: POST https://api.telegram.org/bot2123990609:AAF0MTb658CD15pPwAFWTsMesXMLiykRRNk/getUpdates "HTTP/1.1 200 OK"
2025-12-27 05:46:29,738 | INFO | httpx | HTTP Request: POST https://api.telegram.org/bot2123990609:AAF0MTb658CD15pPwAFWTsMesXMLiykRRNk/getUpdates "HTTP/1.1 200 OK"
2025-12-27 05:46:39,900 | INFO | httpx | HTTP Request: POST https://api.telegram.org/bot2123990609:AAF0MTb658CD15pPwAFWTsMesXMLiykRRNk/getUpdates "HTTP/1.1 200 OK"
2025-12-27 05:46:50,060 | INFO | httpx | HTTP Request: POST https://api.telegram.org/bot2123990609:AAF0MTb658CD15pPwAFWTsMesXMLiykRRNk/getUpdates "HTTP/1.1 200 OK"
2025-12-27 05:47:00,221 | INFO | httpx | HTTP Request: POST https://api.telegram.org/bot2123990609:AAF0MTb658CD15pPwAFWTsMesXMLiykRRNk/getUpdates "HTTP/1.1 200 OK"
2025-12-27 05:47:10,383 | INFO | httpx | HTTP Request: POST https://api.telegram.org/bot2123990609:AAF0MTb658CD15pPwAFWTsMesXMLiykRRNk/getUpdates "HTTP/1.1 200 OK"
2025-12-27 05:47:20,546 | INFO | httpx | HTTP Request: POST https://api.telegram.org/bot2123990609:AAF0MTb658CD15pPwAFWTsMesXMLiykRRNk/getUpdates "HTTP/1.1 200 OK"
2025-12-27 05:47:30,707 | INFO | httpx | HTTP Request: POST https://api.telegram.org/bot2123990609:AAF0MTb658CD15pPwAFWTsMesXMLiykRRNk/getUpdates "HTTP/1.1 200 OK"
2025-12-27 05:47:40,877 | INFO | httpx | HTTP Request: POST https://api.telegram.org/bot2123990609:AAF0MTb658CD15pPwAFWTsMesXMLiykRRNk/getUpdates "HTTP/1.1 200 OK"
2025-12-27 05:47:51,038 | INFO | httpx | HTTP Request: POST https://api.telegram.org/bot2123990609:AAF0MTb658CD15pPwAFWTsMesXMLiykRRNk/getUpdates "HTTP/1.1 200 OK"
2025-12-27 05:48:01,198 | INFO | httpx | HTTP Request: POST https://api.telegram.org/bot2123990609:AAF0MTb658CD15pPwAFWTsMesXMLiykRRNk/getUpdates "HTTP/1.1 200 OK"
2025-12-27 05:48:11,360 | INFO | httpx | HTTP Request: POST https://api.telegram.org/bot2123990609:AAF0MTb658CD15pPwAFWTsMesXMLiykRRNk/getUpdates "HTTP/1.1 200 OK"
2025-12-27 05:48:21,522 | INFO | httpx | HTTP Request: POST https://api.telegram.org/bot2123990609:AAF0MTb658CD15pPwAFWTsMesXMLiykRRNk/getUpdates "HTTP/1.1 200 OK"
2025-12-27 05:48:31,688 | INFO | httpx | HTTP Request: POST https://api.telegram.org/bot2123990609:AAF0MTb658CD15pPwAFWTsMesXMLiykRRNk/getUpdates "HTTP/1.1 200 OK"
2025-12-27 05:48:41,849 | INFO | httpx | HTTP Request: POST https://api.telegram.org/bot2123990609:AAF0MTb658CD15pPwAFWTsMesXMLiykRRNk/getUpdates "HTTP/1.1 200 OK"
2025-12-27 05:48:52,010 | INFO | httpx | HTTP Request: POST https://api.telegram.org/bot2123990609:AAF0MTb658CD15pPwAFWTsMesXMLiykRRNk/getUpdates "HTTP/1.1 200 OK"
2025-12-27 05:49:02,172 | INFO | httpx | HTTP Request: POST https://api.telegram.org/bot2123990609:AAF0MTb658CD15pPwAFWTsMesXMLiykRRNk/getUpdates "HTTP/1.1 200 OK"
2025-12-27 05:49:12,340 | INFO | httpx | HTTP Request: POST https://api.telegram.org/bot2123990609:AAF0MTb658CD15pPwAFWTsMesXMLiykRRNk/getUpdates "HTTP/1.1 200 OK"
2025-12-27 05:49:22,499 | INFO | httpx | HTTP Request: POST https://api.telegram.org/bot2123990609:AAF0MTb658CD15pPwAFWTsMesXMLiykRRNk/getUpdates "HTTP/1.1 200 OK"
2025-12-27 05:49:32,660 | INFO | httpx | HTTP Request: POST https://api.telegram.org/bot2123990609:AAF0MTb658CD15pPwAFWTsMesXMLiykRRNk/getUpdates "HTTP/1.1 200 OK"
2025-12-27 05:49:42,822 | INFO | httpx | HTTP Request: POST https://api.telegram.org/bot2123990609:AAF0MTb658CD15pPwAFWTsMesXMLiykRRNk/getUpdates "HTTP/1.1 200 OK"
2025-12-27 05:49:52,996 | INFO | httpx | HTTP Request: POST https://api.telegram.org/bot2123990609:AAF0MTb658CD15pPwAFWTsMesXMLiykRRNk/getUpdates "HTTP/1.1 200 OK"
2025-12-27 05:50:03,158 | INFO | httpx | HTTP Request: POST https://api.telegram.org/bot2123990609:AAF0MTb658CD15pPwAFWTsMesXMLiykRRNk/getUpdates "HTTP/1.1 200 OK"
2025-12-27 05:50:13,319 | INFO | httpx | HTTP Request: POST https://api.telegram.org/bot2123990609:AAF0MTb658CD15pPwAFWTsMesXMLiykRRNk/getUpdates "HTTP/1.1 200 OK"
2025-12-27 05:50:23,480 | INFO | httpx | HTTP Request: POST https://api.telegram.org/bot2123990609:AAF0MTb658CD15pPwAFWTsMesXMLiykRRNk/getUpdates "HTTP/1.1 200 OK"
2025-12-27 05:50:33,646 | INFO | httpx | HTTP Request: POST https://api.telegram.org/bot2123990609:AAF0MTb658CD15pPwAFWTsMesXMLiykRRNk/getUpdates "HTTP/1.1 200 OK"
2025-12-27 05:50:43,808 | INFO | httpx | HTTP Request: POST https://api.telegram.org/bot2123990609:AAF0MTb658CD15pPwAFWTsMesXMLiykRRNk/getUpdates "HTTP/1.1 200 OK"
2025-12-27 05:50:53,969 | INFO | httpx | HTTP Request: POST https://api.telegram.org/bot2123990609:AAF0MTb658CD15pPwAFWTsMesXMLiykRRNk/getUpdates "HTTP/1.1 200 OK"
2025-12-27 05:51:04,132 | INFO | httpx | HTTP Request: POST https://api.telegram.org/bot2123990609:AAF0MTb658CD15pPwAFWTsMesXMLiykRRNk/getUpdates "HTTP/1.1 200 OK"
2025-12-27 05:51:14,292 | INFO | httpx | HTTP Request: POST https://api.telegram.org/bot2123990609:AAF0MTb658CD15pPwAFWTsMesXMLiykRRNk/getUpdates "HTTP/1.1 200 OK"
2025-12-27 05:51:24,452 | INFO | httpx | HTTP Request: POST https://api.telegram.org/bot2123990609:AAF0MTb658CD15pPwAFWTsMesXMLiykRRNk/getUpdates "HTTP/1.1 200 OK"
2025-12-27 05:51:34,612 | INFO | httpx | HTTP Request: POST https://api.telegram.org/bot2123990609:AAF0MTb658CD15pPwAFWTsMesXMLiykRRNk/getUpdates "HTTP/1.1 200 OK"
2025-12-27 05:51:44,773 | INFO | httpx | HTTP Request: POST https://api.telegram.org/bot2123990609:AAF0MTb658CD15pPwAFWTsMesXMLiykRRNk/getUpdates "HTTP/1.1 200 OK"
2025-12-27 05:51:54,933 | INFO | httpx | HTTP Request: POST https://api.telegram.org/bot2123990609:AAF0MTb658CD15pPwAFWTsMesXMLiykRRNk/getUpdates "HTTP/1.1 200 OK"
2025-12-27 05:52:05,093 | INFO | httpx | HTTP Request: POST https://api.telegram.org/bot2123990609:AAF0MTb658CD15pPwAFWTsMesXMLiykRRNk/getUpdates "HTTP/1.1 200 OK"
2025-12-27 05:52:15,254 | INFO | httpx | HTTP Request: POST https://api.telegram.org/bot2123990609:AAF0MTb658CD15pPwAFWTsMesXMLiykRRNk/getUpdates "HTTP/1.1 200 OK"
2025-12-27 05:52:25,415 | INFO | httpx | HTTP Request: POST https://api.telegram.org/bot2123990609:AAF0MTb658CD15pPwAFWTsMesXMLiykRRNk/getUpdates "HTTP/1.1 200 OK"
2025-12-27 05:52:35,576 | INFO | httpx | HTTP Request: POST https://api.telegram.org/bot2123990609:AAF0MTb658CD15pPwAFWTsMesXMLiykRRNk/getUpdates "HTTP/1.1 200 OK"
2025-12-27 05:52:45,737 | INFO | httpx | HTTP Request: POST https://api.telegram.org/bot2123990609:AAF0MTb658CD15pPwAFWTsMesXMLiykRRNk/getUpdates "HTTP/1.1 200 OK"
2025-12-27 05:52:55,900 | INFO | httpx | HTTP Request: POST https://api.telegram.org/bot2123990609:AAF0MTb658CD15pPwAFWTsMesXMLiykRRNk/getUpdates "HTTP/1.1 200 OK"
2025-12-27 05:53:06,061 | INFO | httpx | HTTP Request: POST https://api.telegram.org/bot2123990609:AAF0MTb658CD15pPwAFWTsMesXMLiykRRNk/getUpdates "HTTP/1.1 200 OK"
2025-12-27 05:53:16,221 | INFO | httpx | HTTP Request: POST https://api.telegram.org/bot2123990609:AAF0MTb658CD15pPwAFWTsMesXMLiykRRNk/getUpdates "HTTP/1.1 200 OK"
2025-12-27 05:53:26,381 | INFO | httpx | HTTP Request: POST https://api.telegram.org/bot2123990609:AAF0MTb658CD15pPwAFWTsMesXMLiykRRNk/getUpdates "HTTP/1.1 200 OK"
2025-12-27 05:53:36,542 | INFO | httpx | HTTP Request: POST https://api.telegram.org/bot2123990609:AAF0MTb658CD15pPwAFWTsMesXMLiykRRNk/getUpdates "HTTP/1.1 200 OK"
2025-12-27 05:53:46,702 | INFO | httpx | HTTP Request: POST https://api.telegram.org/bot2123990609:AAF0MTb658CD15pPwAFWTsMesXMLiykRRNk/getUpdates "HTTP/1.1 200 OK"
2025-12-27 05:53:56,863 | INFO | httpx | HTTP Request: POST https://api.telegram.org/bot2123990609:AAF0MTb658CD15pPwAFWTsMesXMLiykRRNk/getUpdates "HTTP/1.1 200 OK"
2025-12-27 05:54:07,025 | INFO | httpx | HTTP Request: POST https://api.telegram.org/bot2123990609:AAF0MTb658CD15pPwAFWTsMesXMLiykRRNk/getUpdates "HTTP/1.1 200 OK"
2025-12-27 05:54:17,187 | INFO | httpx | HTTP Request: POST https://api.telegram.org/bot2123990609:AAF0MTb658CD15pPwAFWTsMesXMLiykRRNk/getUpdates "HTTP/1.1 200 OK"
2025-12-27 05:54:27,346 | INFO | httpx | HTTP Request: POST https://api.telegram.org/bot2123990609:AAF0MTb658CD15pPwAFWTsMesXMLiykRRNk/getUpdates "HTTP/1.1 200 OK"
2025-12-27 05:54:37,506 | INFO | httpx | HTTP Request: POST https://api.telegram.org/bot2123990609:AAF0MTb658CD15pPwAFWTsMesXMLiykRRNk/getUpdates "HTTP/1.1 200 OK"
2025-12-27 05:54:52,299 | INFO | httpx | HTTP Request: POST https://api.telegram.org/bot2123990609:AAF0MTb658CD15pPwAFWTsMesXMLiykRRNk/getUpdates "HTTP/1.1 200 OK"
2025-12-27 05:55:03,635 | INFO | httpx | HTTP Request: POST https://api.telegram.org/bot2123990609:AAF0MTb658CD15pPwAFWTsMesXMLiykRRNk/getUpdates "HTTP/1.1 200 OK"
2025-12-27 05:55:15,283 | INFO | httpx | HTTP Request: POST https://api.telegram.org/bot2123990609:AAF0MTb658CD15pPwAFWTsMesXMLiykRRNk/getUpdates "HTTP/1.1 200 OK"
2025-12-27 05:55:27,040 | INFO | httpx | HTTP Request: POST https://api.telegram.org/bot2123990609:AAF0MTb658CD15pPwAFWTsMesXMLiykRRNk/getUpdates "HTTP/1.1 200 OK"
2025-12-27 05:55:38,252 | INFO | httpx | HTTP Request: POST https://api.telegram.org/bot2123990609:AAF0MTb658CD15pPwAFWTsMesXMLiykRRNk/getUpdates "HTTP/1.1 200 OK"
2025-12-27 05:55:49,994 | INFO | httpx | HTTP Request: POST https://api.telegram.org/bot2123990609:AAF0MTb658CD15pPwAFWTsMesXMLiykRRNk/getUpdates "HTTP/1.1 200 OK"
2025-12-27 05:56:03,807 | INFO | httpx | HTTP Request: POST https://api.telegram.org/bot2123990609:AAF0MTb658CD15pPwAFWTsMesXMLiykRRNk/getUpdates "HTTP/1.1 200 OK"
2025-12-27 05:56:16,556 | INFO | httpx | HTTP Request: POST https://api.telegram.org/bot2123990609:AAF0MTb658CD15pPwAFWTsMesXMLiykRRNk/getUpdates "HTTP/1.1 200 OK"
2025-12-27 05:56:42,063 | INFO | httpx | HTTP Request: POST https://api.telegram.org/bot2123990609:AAF0MTb658CD15pPwAFWTsMesXMLiykRRNk/getUpdates "HTTP/1.1 200 OK"
2025-12-27 05:56:52,224 | INFO | httpx | HTTP Request: POST https://api.telegram.org/bot2123990609:AAF0MTb658CD15pPwAFWTsMesXMLiykRRNk/getUpdates "HTTP/1.1 200 OK"
2025-12-27 05:57:02,394 | INFO | httpx | HTTP Request: POST https://api.telegram.org/bot2123990609:AAF0MTb658CD15pPwAFWTsMesXMLiykRRNk/getUpdates "HTTP/1.1 200 OK"
2025-12-27 05:57:12,556 | INFO | httpx | HTTP Request: POST https://api.telegram.org/bot2123990609:AAF0MTb658CD15pPwAFWTsMesXMLiykRRNk/getUpdates "HTTP/1.1 200 OK"
2025-12-27 05:57:22,718 | INFO | httpx | HTTP Request: POST https://api.telegram.org/bot2123990609:AAF0MTb658CD15pPwAFWTsMesXMLiykRRNk/getUpdates "HTTP/1.1 200 OK"
2025-12-27 05:57:32,890 | INFO | httpx | HTTP Request: POST https://api.telegram.org/bot2123990609:AAF0MTb658CD15pPwAFWTsMesXMLiykRRNk/getUpdates "HTTP/1.1 200 OK"
2025-12-27 05:57:43,051 | INFO | httpx | HTTP Request: POST https://api.telegram.org/bot2123990609:AAF0MTb658CD15pPwAFWTsMesXMLiykRRNk/getUpdates "HTTP/1.1 200 OK"
2025-12-27 05:57:53,213 | INFO | httpx | HTTP Request: POST https://api.telegram.org/bot2123990609:AAF0MTb658CD15pPwAFWTsMesXMLiykRRNk/getUpdates "HTTP/1.1 200 OK"
2025-12-27 05:58:03,374 | INFO | httpx | HTTP Request: POST https://api.telegram.org/bot2123990609:AAF0MTb658CD15pPwAFWTsMesXMLiykRRNk/getUpdates "HTTP/1.1 200 OK"
2025-12-27 05:58:13,540 | INFO | httpx | HTTP Request: POST https://api.telegram.org/bot2123990609:AAF0MTb658CD15pPwAFWTsMesXMLiykRRNk/getUpdates "HTTP/1.1 200 OK"
2025-12-27 05:58:23,705 | INFO | httpx | HTTP Request: POST https://api.telegram.org/bot2123990609:AAF0MTb658CD15pPwAFWTsMesXMLiykRRNk/getUpdates "HTTP/1.1 200 OK"
2025-12-27 05:58:33,869 | INFO | httpx | HTTP Request: POST https://api.telegram.org/bot2123990609:AAF0MTb658CD15pPwAFWTsMesXMLiykRRNk/getUpdates "HTTP/1.1 200 OK"
2025-12-27 05:58:44,036 | INFO | httpx | HTTP Request: POST https://api.telegram.org/bot2123990609:AAF0MTb658CD15pPwAFWTsMesXMLiykRRNk/getUpdates "HTTP/1.1 200 OK"
2025-12-27 05:58:54,197 | INFO | httpx | HTTP Request: POST https://api.telegram.org/bot2123990609:AAF0MTb658CD15pPwAFWTsMesXMLiykRRNk/getUpdates "HTTP/1.1 200 OK"
2025-12-27 05:59:04,359 | INFO | httpx | HTTP Request: POST https://api.telegram.org/bot2123990609:AAF0MTb658CD15pPwAFWTsMesXMLiykRRNk/getUpdates "HTTP/1.1 200 OK"
2025-12-27 05:59:14,521 | INFO | httpx | HTTP Request: POST https://api.telegram.org/bot2123990609:AAF0MTb658CD15pPwAFWTsMesXMLiykRRNk/getUpdates "HTTP/1.1 200 OK"
2025-12-27 05:59:24,681 | INFO | httpx | HTTP Request: POST https://api.telegram.org/bot2123990609:AAF0MTb658CD15pPwAFWTsMesXMLiykRRNk/getUpdates "HTTP/1.1 200 OK"
2025-12-27 05:59:34,849 | INFO | httpx | HTTP Request: POST https://api.telegram.org/bot2123990609:AAF0MTb658CD15pPwAFWTsMesXMLiykRRNk/getUpdates "HTTP/1.1 200 OK"
2025-12-27 05:59:45,058 | INFO | httpx | HTTP Request: POST https://api.telegram.org/bot2123990609:AAF0MTb658CD15pPwAFWTsMesXMLiykRRNk/getUpdates "HTTP/1.1 200 OK"
2025-12-27 05:59:55,223 | INFO | httpx | HTTP Request: POST https://api.telegram.org/bot2123990609:AAF0MTb658CD15pPwAFWTsMesXMLiykRRNk/getUpdates "HTTP/1.1 200 OK"
2025-12-27 06:00:05,384 | INFO | httpx | HTTP Request: POST https://api.telegram.org/bot2123990609:AAF0MTb658CD15pPwAFWTsMesXMLiykRRNk/getUpdates "HTTP/1.1 200 OK"
2025-12-27 06:00:15,546 | INFO | httpx | HTTP Request: POST https://api.telegram.org/bot2123990609:AAF0MTb658CD15pPwAFWTsMesXMLiykRRNk/getUpdates "HTTP/1.1 200 OK"
2025-12-27 06:00:25,707 | INFO | httpx | HTTP Request: POST https://api.telegram.org/bot2123990609:AAF0MTb658CD15pPwAFWTsMesXMLiykRRNk/getUpdates "HTTP/1.1 200 OK"
2025-12-27 06:00:35,870 | INFO | httpx | HTTP Request: POST https://api.telegram.org/bot2123990609:AAF0MTb658CD15pPwAFWTsMesXMLiykRRNk/getUpdates "HTTP/1.1 200 OK"
2025-12-27 06:00:46,034 | INFO | httpx | HTTP Request: POST https://api.telegram.org/bot2123990609:AAF0MTb658CD15pPwAFWTsMesXMLiykRRNk/getUpdates "HTTP/1.1 200 OK"
2025-12-27 06:00:56,196 | INFO | httpx | HTTP Request: POST https://api.telegram.org/bot2123990609:AAF0MTb658CD15pPwAFWTsMesXMLiykRRNk/getUpdates "HTTP/1.1 200 OK"
2025-12-27 06:01:06,359 | INFO | httpx | HTTP Request: POST https://api.telegram.org/bot2123990609:AAF0MTb658CD15pPwAFWTsMesXMLiykRRNk/getUpdates "HTTP/1.1 200 OK"
2025-12-27 06:01:16,522 | INFO | httpx | HTTP Request: POST https://api.telegram.org/bot2123990609:AAF0MTb658CD15pPwAFWTsMesXMLiykRRNk/getUpdates "HTTP/1.1 200 OK"
2025-12-27 06:01:26,682 | INFO | httpx | HTTP Request: POST https://api.telegram.org/bot2123990609:AAF0MTb658CD15pPwAFWTsMesXMLiykRRNk/getUpdates "HTTP/1.1 200 OK"
2025-12-27 06:01:36,848 | INFO | httpx | HTTP Request: POST https://api.telegram.org/bot2123990609:AAF0MTb658CD15pPwAFWTsMesXMLiykRRNk/getUpdates "HTTP/1.1 200 OK"
2025-12-27 06:01:47,015 | INFO | httpx | HTTP Request: POST https://api.telegram.org/bot2123990609:AAF0MTb658CD15pPwAFWTsMesXMLiykRRNk/getUpdates "HTTP/1.1 200 OK"
2025-12-27 06:01:57,178 | INFO | httpx | HTTP Request: POST https://api.telegram.org/bot2123990609:AAF0MTb658CD15pPwAFWTsMesXMLiykRRNk/getUpdates "HTTP/1.1 200 OK"
2025-12-27 06:02:07,341 | INFO | httpx | HTTP Request: POST https://api.telegram.org/bot2123990609:AAF0MTb658CD15pPwAFWTsMesXMLiykRRNk/getUpdates "HTTP/1.1 200 OK"
2025-12-27 06:02:17,502 | INFO | httpx | HTTP Request: POST https://api.telegram.org/bot2123990609:AAF0MTb658CD15pPwAFWTsMesXMLiykRRNk/getUpdates "HTTP/1.1 200 OK"
2025-12-27 06:02:27,664 | INFO | httpx | HTTP Request: POST https://api.telegram.org/bot2123990609:AAF0MTb658CD15pPwAFWTsMesXMLiykRRNk/getUpdates "HTTP/1.1 200 OK"
2025-12-27 06:02:37,828 | INFO | httpx | HTTP Request: POST https://api.telegram.org/bot2123990609:AAF0MTb658CD15pPwAFWTsMesXMLiykRRNk/getUpdates "HTTP/1.1 200 OK"
2025-12-27 06:02:47,989 | INFO | httpx | HTTP Request: POST https://api.telegram.org/bot2123990609:AAF0MTb658CD15pPwAFWTsMesXMLiykRRNk/getUpdates "HTTP/1.1 200 OK"
2025-12-27 06:02:58,152 | INFO | httpx | HTTP Request: POST https://api.telegram.org/bot2123990609:AAF0MTb658CD15pPwAFWTsMesXMLiykRRNk/getUpdates "HTTP/1.1 200 OK"
2025-12-27 06:03:08,315 | INFO | httpx | HTTP Request: POST https://api.telegram.org/bot2123990609:AAF0MTb658CD15pPwAFWTsMesXMLiykRRNk/getUpdates "HTTP/1.1 200 OK"
2025-12-27 06:03:18,475 | INFO | httpx | HTTP Request: POST https://api.telegram.org/bot2123990609:AAF0MTb658CD15pPwAFWTsMesXMLiykRRNk/getUpdates "HTTP/1.1 200 OK"
2025-12-27 06:03:28,645 | INFO | httpx | HTTP Request: POST https://api.telegram.org/bot2123990609:AAF0MTb658CD15pPwAFWTsMesXMLiykRRNk/getUpdates "HTTP/1.1 200 OK"
2025-12-27 06:03:38,815 | INFO | httpx | HTTP Request: POST https://api.telegram.org/bot2123990609:AAF0MTb658CD15pPwAFWTsMesXMLiykRRNk/getUpdates "HTTP/1.1 200 OK"
2025-12-27 06:03:48,976 | INFO | httpx | HTTP Request: POST https://api.telegram.org/bot2123990609:AAF0MTb658CD15pPwAFWTsMesXMLiykRRNk/getUpdates "HTTP/1.1 200 OK"
2025-12-27 06:03:59,139 | INFO | httpx | HTTP Request: POST https://api.telegram.org/bot2123990609:AAF0MTb658CD15pPwAFWTsMesXMLiykRRNk/getUpdates "HTTP/1.1 200 OK"
2025-12-27 06:04:09,300 | INFO | httpx | HTTP Request: POST https://api.telegram.org/bot2123990609:AAF0MTb658CD15pPwAFWTsMesXMLiykRRNk/getUpdates "HTTP/1.1 200 OK"
2025-12-27 06:04:19,463 | INFO | httpx | HTTP Request: POST https://api.telegram.org/bot2123990609:AAF0MTb658CD15pPwAFWTsMesXMLiykRRNk/getUpdates "HTTP/1.1 200 OK"
2025-12-27 06:04:29,625 | INFO | httpx | HTTP Request: POST https://api.telegram.org/bot2123990609:AAF0MTb658CD15pPwAFWTsMesXMLiykRRNk/getUpdates "HTTP/1.1 200 OK"
2025-12-27 06:04:39,786 | INFO | httpx | HTTP Request: POST https://api.telegram.org/bot2123990609:AAF0MTb658CD15pPwAFWTsMesXMLiykRRNk/getUpdates "HTTP/1.1 200 OK"
2025-12-27 06:04:49,947 | INFO | httpx | HTTP Request: POST https://api.telegram.org/bot2123990609:AAF0MTb658CD15pPwAFWTsMesXMLiykRRNk/getUpdates "HTTP/1.1 200 OK"
2025-12-27 06:05:00,107 | INFO | httpx | HTTP Request: POST https://api.telegram.org/bot2123990609:AAF0MTb658CD15pPwAFWTsMesXMLiykRRNk/getUpdates "HTTP/1.1 200 OK"
2025-12-27 06:05:10,268 | INFO | httpx | HTTP Request: POST https://api.telegram.org/bot2123990609:AAF0MTb658CD15pPwAFWTsMesXMLiykRRNk/getUpdates "HTTP/1.1 200 OK"
2025-12-27 06:05:20,430 | INFO | httpx | HTTP Request: POST https://api.telegram.org/bot2123990609:AAF0MTb658CD15pPwAFWTsMesXMLiykRRNk/getUpdates "HTTP/1.1 200 OK"
2025-12-27 06:05:30,592 | INFO | httpx | HTTP Request: POST https://api.telegram.org/bot2123990609:AAF0MTb658CD15pPwAFWTsMesXMLiykRRNk/getUpdates "HTTP/1.1 200 OK"
2025-12-27 06:05:40,754 | INFO | httpx | HTTP Request: POST https://api.telegram.org/bot2123990609:AAF0MTb658CD15pPwAFWTsMesXMLiykRRNk/getUpdates "HTTP/1.1 200 OK"
2025-12-27 06:05:50,918 | INFO | httpx | HTTP Request: POST https://api.telegram.org/bot2123990609:AAF0MTb658CD15pPwAFWTsMesXMLiykRRNk/getUpdates "HTTP/1.1 200 OK"
2025-12-27 06:06:01,095 | INFO | httpx | HTTP Request: POST https://api.telegram.org/bot2123990609:AAF0MTb658CD15pPwAFWTsMesXMLiykRRNk/getUpdates "HTTP/1.1 200 OK"
2025-12-27 06:06:11,260 | INFO | httpx | HTTP Request: POST https://api.telegram.org/bot2123990609:AAF0MTb658CD15pPwAFWTsMesXMLiykRRNk/getUpdates "HTTP/1.1 200 OK"
2025-12-27 06:06:21,421 | INFO | httpx | HTTP Request: POST https://api.telegram.org/bot2123990609:AAF0MTb658CD15pPwAFWTsMesXMLiykRRNk/getUpdates "HTTP/1.1 200 OK"
2025-12-27 06:06:31,583 | INFO | httpx | HTTP Request: POST https://api.telegram.org/bot2123990609:AAF0MTb658CD15pPwAFWTsMesXMLiykRRNk/getUpdates "HTTP/1.1 200 OK"
2025-12-27 06:06:41,755 | INFO | httpx | HTTP Request: POST https://api.telegram.org/bot2123990609:AAF0MTb658CD15pPwAFWTsMesXMLiykRRNk/getUpdates "HTTP/1.1 200 OK"
2025-12-27 06:06:51,917 | INFO | httpx | HTTP Request: POST https://api.telegram.org/bot2123990609:AAF0MTb658CD15pPwAFWTsMesXMLiykRRNk/getUpdates "HTTP/1.1 200 OK"
2025-12-27 06:07:02,079 | INFO | httpx | HTTP Request: POST https://api.telegram.org/bot2123990609:AAF0MTb658CD15pPwAFWTsMesXMLiykRRNk/getUpdates "HTTP/1.1 200 OK"
2025-12-27 06:07:12,243 | INFO | httpx | HTTP Request: POST https://api.telegram.org/bot2123990609:AAF0MTb658CD15pPwAFWTsMesXMLiykRRNk/getUpdates "HTTP/1.1 200 OK"
2025-12-27 06:07:22,404 | INFO | httpx | HTTP Request: POST https://api.telegram.org/bot2123990609:AAF0MTb658CD15pPwAFWTsMesXMLiykRRNk/getUpdates "HTTP/1.1 200 OK"
2025-12-27 06:07:32,564 | INFO | httpx | HTTP Request: POST https://api.telegram.org/bot2123990609:AAF0MTb658CD15pPwAFWTsMesXMLiykRRNk/getUpdates "HTTP/1.1 200 OK"
2025-12-27 08:06:08,318 | INFO | httpx | HTTP Request: POST https://api.telegram.org/bot2123990609:AAF0MTb658CD15pPwAFWTsMesXMLiykRRNk/getUpdates "HTTP/1.1 200 OK"
2025-12-27 08:06:18,496 | INFO | httpx | HTTP Request: POST https://api.telegram.org/bot2123990609:AAF0MTb658CD15pPwAFWTsMesXMLiykRRNk/getUpdates "HTTP/1.1 200 OK"
2025-12-27 08:06:28,660 | INFO | httpx | HTTP Request: POST https://api.telegram.org/bot2123990609:AAF0MTb658CD15pPwAFWTsMesXMLiykRRNk/getUpdates "HTTP/1.1 200 OK"
2025-12-27 08:06:38,830 | INFO | httpx | HTTP Request: POST https://api.telegram.org/bot2123990609:AAF0MTb658CD15pPwAFWTsMesXMLiykRRNk/getUpdates "HTTP/1.1 200 OK"
2025-12-27 08:06:48,993 | INFO | httpx | HTTP Request: POST https://api.telegram.org/bot2123990609:AAF0MTb658CD15pPwAFWTsMesXMLiykRRNk/getUpdates "HTTP/1.1 200 OK"
2025-12-27 08:06:59,157 | INFO | httpx | HTTP Request: POST https://api.telegram.org/bot2123990609:AAF0MTb658CD15pPwAFWTsMesXMLiykRRNk/getUpdates "HTTP/1.1 200 OK"
2025-12-27 08:07:09,325 | INFO | httpx | HTTP Request: POST https://api.telegram.org/bot2123990609:AAF0MTb658CD15pPwAFWTsMesXMLiykRRNk/getUpdates "HTTP/1.1 200 OK"
2025-12-27 08:07:19,489 | INFO | httpx | HTTP Request: POST https://api.telegram.org/bot2123990609:AAF0MTb658CD15pPwAFWTsMesXMLiykRRNk/getUpdates "HTTP/1.1 200 OK"
2025-12-27 08:07:29,651 | INFO | httpx | HTTP Request: POST https://api.telegram.org/bot2123990609:AAF0MTb658CD15pPwAFWTsMesXMLiykRRNk/getUpdates "HTTP/1.1 200 OK"
2025-12-27 08:07:39,812 | INFO | httpx | HTTP Request: POST https://api.telegram.org/bot2123990609:AAF0MTb658CD15pPwAFWTsMesXMLiykRRNk/getUpdates "HTTP/1.1 200 OK"
2025-12-27 08:07:49,977 | INFO | httpx | HTTP Request: POST https://api.telegram.org/bot2123990609:AAF0MTb658CD15pPwAFWTsMesXMLiykRRNk/getUpdates "HTTP/1.1 200 OK"
2025-12-27 08:08:00,144 | INFO | httpx | HTTP Request: POST https://api.telegram.org/bot2123990609:AAF0MTb658CD15pPwAFWTsMesXMLiykRRNk/getUpdates "HTTP/1.1 200 OK"
2025-12-27 08:08:10,307 | INFO | httpx | HTTP Request: POST https://api.telegram.org/bot2123990609:AAF0MTb658CD15pPwAFWTsMesXMLiykRRNk/getUpdates "HTTP/1.1 200 OK"
2025-12-27 08:08:20,469 | INFO | httpx | HTTP Request: POST https://api.telegram.org/bot2123990609:AAF0MTb658CD15pPwAFWTsMesXMLiykRRNk/getUpdates "HTTP/1.1 200 OK"
2025-12-27 08:08:30,632 | INFO | httpx | HTTP Request: POST https://api.telegram.org/bot2123990609:AAF0MTb658CD15pPwAFWTsMesXMLiykRRNk/getUpdates "HTTP/1.1 200 OK"
2025-12-27 08:08:40,794 | INFO | httpx | HTTP Request: POST https://api.telegram.org/bot2123990609:AAF0MTb658CD15pPwAFWTsMesXMLiykRRNk/getUpdates "HTTP/1.1 200 OK"
2025-12-27 08:08:50,956 | INFO | httpx | HTTP Request: POST https://api.telegram.org/bot2123990609:AAF0MTb658CD15pPwAFWTsMesXMLiykRRNk/getUpdates "HTTP/1.1 200 OK"
2025-12-27 08:09:01,117 | INFO | httpx | HTTP Request: POST https://api.telegram.org/bot2123990609:AAF0MTb658CD15pPwAFWTsMesXMLiykRRNk/getUpdates "HTTP/1.1 200 OK"
2025-12-27 08:09:11,279 | INFO | httpx | HTTP Request: POST https://api.telegram.org/bot2123990609:AAF0MTb658CD15pPwAFWTsMesXMLiykRRNk/getUpdates "HTTP/1.1 200 OK"
2025-12-27 08:09:21,445 | INFO | httpx | HTTP Request: POST https://api.telegram.org/bot2123990609:AAF0MTb658CD15pPwAFWTsMesXMLiykRRNk/getUpdates "HTTP/1.1 200 OK"
2025-12-27 08:09:31,610 | INFO | httpx | HTTP Request: POST https://api.telegram.org/bot2123990609:AAF0MTb658CD15pPwAFWTsMesXMLiykRRNk/getUpdates "HTTP/1.1 200 OK"
2025-12-27 08:09:41,774 | INFO | httpx | HTTP Request: POST https://api.telegram.org/bot2123990609:AAF0MTb658CD15pPwAFWTsMesXMLiykRRNk/getUpdates "HTTP/1.1 200 OK"
2025-12-27 08:09:51,938 | INFO | httpx | HTTP Request: POST https://api.telegram.org/bot2123990609:AAF0MTb658CD15pPwAFWTsMesXMLiykRRNk/getUpdates "HTTP/1.1 200 OK"
2025-12-27 08:10:02,104 | INFO | httpx | HTTP Request: POST https://api.telegram.org/bot2123990609:AAF0MTb658CD15pPwAFWTsMesXMLiykRRNk/getUpdates "HTTP/1.1 200 OK"
2025-12-27 08:10:12,266 | INFO | httpx | HTTP Request: POST https://api.telegram.org/bot2123990609:AAF0MTb658CD15pPwAFWTsMesXMLiykRRNk/getUpdates "HTTP/1.1 200 OK"
2025-12-27 08:10:22,427 | INFO | httpx | HTTP Request: POST https://api.telegram.org/bot2123990609:AAF0MTb658CD15pPwAFWTsMesXMLiykRRNk/getUpdates "HTTP/1.1 200 OK"
2025-12-27 08:10:32,591 | INFO | httpx | HTTP Request: POST https://api.telegram.org/bot2123990609:AAF0MTb658CD15pPwAFWTsMesXMLiykRRNk/getUpdates "HTTP/1.1 200 OK"
2025-12-27 08:10:42,752 | INFO | httpx | HTTP Request: POST https://api.telegram.org/bot2123990609:AAF0MTb658CD15pPwAFWTsMesXMLiykRRNk/getUpdates "HTTP/1.1 200 OK"
2025-12-27 08:10:52,917 | INFO | httpx | HTTP Request: POST https://api.telegram.org/bot2123990609:AAF0MTb658CD15pPwAFWTsMesXMLiykRRNk/getUpdates "HTTP/1.1 200 OK"
2025-12-27 08:11:03,077 | INFO | httpx | HTTP Request: POST https://api.telegram.org/bot2123990609:AAF0MTb658CD15pPwAFWTsMesXMLiykRRNk/getUpdates "HTTP/1.1 200 OK"
2025-12-27 08:11:13,241 | INFO | httpx | HTTP Request: POST https://api.telegram.org/bot2123990609:AAF0MTb658CD15pPwAFWTsMesXMLiykRRNk/getUpdates "HTTP/1.1 200 OK"
2025-12-27 08:11:23,403 | INFO | httpx | HTTP Request: POST https://api.telegram.org/bot2123990609:AAF0MTb658CD15pPwAFWTsMesXMLiykRRNk/getUpdates "HTTP/1.1 200 OK"
2025-12-27 08:11:33,565 | INFO | httpx | HTTP Request: POST https://api.telegram.org/bot2123990609:AAF0MTb658CD15pPwAFWTsMesXMLiykRRNk/getUpdates "HTTP/1.1 200 OK"
2025-12-27 08:11:43,726 | INFO | httpx | HTTP Request: POST https://api.telegram.org/bot2123990609:AAF0MTb658CD15pPwAFWTsMesXMLiykRRNk/getUpdates "HTTP/1.1 200 OK"
2025-12-27 08:11:53,896 | INFO | httpx | HTTP Request: POST https://api.telegram.org/bot2123990609:AAF0MTb658CD15pPwAFWTsMesXMLiykRRNk/getUpdates "HTTP/1.1 200 OK"
2025-12-27 08:12:04,063 | INFO | httpx | HTTP Request: POST https://api.telegram.org/bot2123990609:AAF0MTb658CD15pPwAFWTsMesXMLiykRRNk/getUpdates "HTTP/1.1 200 OK"
2025-12-27 08:12:14,460 | INFO | httpx | HTTP Request: POST https://api.telegram.org/bot2123990609:AAF0MTb658CD15pPwAFWTsMesXMLiykRRNk/getUpdates "HTTP/1.1 200 OK"
2025-12-27 08:12:24,636 | INFO | httpx | HTTP Request: POST https://api.telegram.org/bot2123990609:AAF0MTb658CD15pPwAFWTsMesXMLiykRRNk/getUpdates "HTTP/1.1 200 OK"
2025-12-27 08:12:34,797 | INFO | httpx | HTTP Request: POST https://api.telegram.org/bot2123990609:AAF0MTb658CD15pPwAFWTsMesXMLiykRRNk/getUpdates "HTTP/1.1 200 OK"
2025-12-27 08:12:44,960 | INFO | httpx | HTTP Request: POST https://api.telegram.org/bot2123990609:AAF0MTb658CD15pPwAFWTsMesXMLiykRRNk/getUpdates "HTTP/1.1 200 OK"
2025-12-27 08:12:55,121 | INFO | httpx | HTTP Request: POST https://api.telegram.org/bot2123990609:AAF0MTb658CD15pPwAFWTsMesXMLiykRRNk/getUpdates "HTTP/1.1 200 OK"
2025-12-27 08:13:05,287 | INFO | httpx | HTTP Request: POST https://api.telegram.org/bot2123990609:AAF0MTb658CD15pPwAFWTsMesXMLiykRRNk/getUpdates "HTTP/1.1 200 OK"
2025-12-27 08:13:15,453 | INFO | httpx | HTTP Request: POST https://api.telegram.org/bot2123990609:AAF0MTb658CD15pPwAFWTsMesXMLiykRRNk/getUpdates "HTTP/1.1 200 OK"
2025-12-27 08:13:25,621 | INFO | httpx | HTTP Request: POST https://api.telegram.org/bot2123990609:AAF0MTb658CD15pPwAFWTsMesXMLiykRRNk/getUpdates "HTTP/1.1 200 OK"
2025-12-27 08:13:35,782 | INFO | httpx | HTTP Request: POST https://api.telegram.org/bot2123990609:AAF0MTb658CD15pPwAFWTsMesXMLiykRRNk/getUpdates "HTTP/1.1 200 OK"
2025-12-27 08:13:45,943 | INFO | httpx | HTTP Request: POST https://api.telegram.org/bot2123990609:AAF0MTb658CD15pPwAFWTsMesXMLiykRRNk/getUpdates "HTTP/1.1 200 OK"
2025-12-27 08:13:56,104 | INFO | httpx | HTTP Request: POST https://api.telegram.org/bot2123990609:AAF0MTb658CD15pPwAFWTsMesXMLiykRRNk/getUpdates "HTTP/1.1 200 OK"
2025-12-27 08:14:06,266 | INFO | httpx | HTTP Request: POST https://api.telegram.org/bot2123990609:AAF0MTb658CD15pPwAFWTsMesXMLiykRRNk/getUpdates "HTTP/1.1 200 OK"
2025-12-27 08:14:16,431 | INFO | httpx | HTTP Request: POST https://api.telegram.org/bot2123990609:AAF0MTb658CD15pPwAFWTsMesXMLiykRRNk/getUpdates "HTTP/1.1 200 OK"
2025-12-27 08:14:26,664 | INFO | httpx | HTTP Request: POST https://api.telegram.org/bot2123990609:AAF0MTb658CD15pPwAFWTsMesXMLiykRRNk/getUpdates "HTTP/1.1 200 OK"
2025-12-27 08:14:36,836 | INFO | httpx | HTTP Request: POST https://api.telegram.org/bot2123990609:AAF0MTb658CD15pPwAFWTsMesXMLiykRRNk/getUpdates "HTTP/1.1 200 OK"
2025-12-27 08:14:46,998 | INFO | httpx | HTTP Request: POST https://api.telegram.org/bot2123990609:AAF0MTb658CD15pPwAFWTsMesXMLiykRRNk/getUpdates "HTTP/1.1 200 OK"
2025-12-27 08:14:57,158 | INFO | httpx | HTTP Request: POST https://api.telegram.org/bot2123990609:AAF0MTb658CD15pPwAFWTsMesXMLiykRRNk/getUpdates "HTTP/1.1 200 OK"
2025-12-27 08:15:07,320 | INFO | httpx | HTTP Request: POST https://api.telegram.org/bot2123990609:AAF0MTb658CD15pPwAFWTsMesXMLiykRRNk/getUpdates "HTTP/1.1 200 OK"
2025-12-27 08:15:17,490 | INFO | httpx | HTTP Request: POST https://api.telegram.org/bot2123990609:AAF0MTb658CD15pPwAFWTsMesXMLiykRRNk/getUpdates "HTTP/1.1 200 OK"
2025-12-27 08:15:27,654 | INFO | httpx | HTTP Request: POST https://api.telegram.org/bot2123990609:AAF0MTb658CD15pPwAFWTsMesXMLiykRRNk/getUpdates "HTTP/1.1 200 OK"
2025-12-27 08:15:37,816 | INFO | httpx | HTTP Request: POST https://api.telegram.org/bot2123990609:AAF0MTb658CD15pPwAFWTsMesXMLiykRRNk/getUpdates "HTTP/1.1 200 OK"
2025-12-27 08:15:47,978 | INFO | httpx | HTTP Request: POST https://api.telegram.org/bot2123990609:AAF0MTb658CD15pPwAFWTsMesXMLiykRRNk/getUpdates "HTTP/1.1 200 OK"
2025-12-27 08:15:58,139 | INFO | httpx | HTTP Request: POST https://api.telegram.org/bot2123990609:AAF0MTb658CD15pPwAFWTsMesXMLiykRRNk/getUpdates "HTTP/1.1 200 OK"
2025-12-27 08:16:08,304 | INFO | httpx | HTTP Request: POST https://api.telegram.org/bot2123990609:AAF0MTb658CD15pPwAFWTsMesXMLiykRRNk/getUpdates "HTTP/1.1 200 OK"
2025-12-27 08:16:18,466 | INFO | httpx | HTTP Request: POST https://api.telegram.org/bot2123990609:AAF0MTb658CD15pPwAFWTsMesXMLiykRRNk/getUpdates "HTTP/1.1 200 OK"
2025-12-27 08:16:28,630 | INFO | httpx | HTTP Request: POST https://api.telegram.org/bot2123990609:AAF0MTb658CD15pPwAFWTsMesXMLiykRRNk/getUpdates "HTTP/1.1 200 OK"
2025-12-27 08:16:38,798 | INFO | httpx | HTTP Request: POST https://api.telegram.org/bot2123990609:AAF0MTb658CD15pPwAFWTsMesXMLiykRRNk/getUpdates "HTTP/1.1 200 OK"
2025-12-27 08:16:48,960 | INFO | httpx | HTTP Request: POST https://api.telegram.org/bot2123990609:AAF0MTb658CD15pPwAFWTsMesXMLiykRRNk/getUpdates "HTTP/1.1 200 OK"
2025-12-27 08:16:59,122 | INFO | httpx | HTTP Request: POST https://api.telegram.org/bot2123990609:AAF0MTb658CD15pPwAFWTsMesXMLiykRRNk/getUpdates "HTTP/1.1 200 OK"
2025-12-27 08:17:09,285 | INFO | httpx | HTTP Request: POST https://api.telegram.org/bot2123990609:AAF0MTb658CD15pPwAFWTsMesXMLiykRRNk/getUpdates "HTTP/1.1 200 OK"
2025-12-27 08:17:19,446 | INFO | httpx | HTTP Request: POST https://api.telegram.org/bot2123990609:AAF0MTb658CD15pPwAFWTsMesXMLiykRRNk/getUpdates "HTTP/1.1 200 OK"
2025-12-27 08:17:29,619 | INFO | httpx | HTTP Request: POST https://api.telegram.org/bot2123990609:AAF0MTb658CD15pPwAFWTsMesXMLiykRRNk/getUpdates "HTTP/1.1 200 OK"
2025-12-27 08:17:39,780 | INFO | httpx | HTTP Request: POST https://api.telegram.org/bot2123990609:AAF0MTb658CD15pPwAFWTsMesXMLiykRRNk/getUpdates "HTTP/1.1 200 OK"
2025-12-27 08:17:49,948 | INFO | httpx | HTTP Request: POST https://api.telegram.org/bot2123990609:AAF0MTb658CD15pPwAFWTsMesXMLiykRRNk/getUpdates "HTTP/1.1 200 OK"
2025-12-27 08:18:00,119 | INFO | httpx | HTTP Request: POST https://api.telegram.org/bot2123990609:AAF0MTb658CD15pPwAFWTsMesXMLiykRRNk/getUpdates "HTTP/1.1 200 OK"
2025-12-27 08:18:10,284 | INFO | httpx | HTTP Request: POST https://api.telegram.org/bot2123990609:AAF0MTb658CD15pPwAFWTsMesXMLiykRRNk/getUpdates "HTTP/1.1 200 OK"
2025-12-27 08:18:20,449 | INFO | httpx | HTTP Request: POST https://api.telegram.org/bot2123990609:AAF0MTb658CD15pPwAFWTsMesXMLiykRRNk/getUpdates "HTTP/1.1 200 OK"
2025-12-27 08:18:30,611 | INFO | httpx | HTTP Request: POST https://api.telegram.org/bot2123990609:AAF0MTb658CD15pPwAFWTsMesXMLiykRRNk/getUpdates "HTTP/1.1 200 OK"
2025-12-27 08:18:40,777 | INFO | httpx | HTTP Request: POST https://api.telegram.org/bot2123990609:AAF0MTb658CD15pPwAFWTsMesXMLiykRRNk/getUpdates "HTTP/1.1 200 OK"
2025-12-27 08:18:50,942 | INFO | httpx | HTTP Request: POST https://api.telegram.org/bot2123990609:AAF0MTb658CD15pPwAFWTsMesXMLiykRRNk/getUpdates "HTTP/1.1 200 OK"
2025-12-27 08:19:01,103 | INFO | httpx | HTTP Request: POST https://api.telegram.org/bot2123990609:AAF0MTb658CD15pPwAFWTsMesXMLiykRRNk/getUpdates "HTTP/1.1 200 OK"
2025-12-27 08:19:11,264 | INFO | httpx | HTTP Request: POST https://api.telegram.org/bot2123990609:AAF0MTb658CD15pPwAFWTsMesXMLiykRRNk/getUpdates "HTTP/1.1 200 OK"
2025-12-27 08:19:21,425 | INFO | httpx | HTTP Request: POST https://api.telegram.org/bot2123990609:AAF0MTb658CD15pPwAFWTsMesXMLiykRRNk/getUpdates "HTTP/1.1 200 OK"
2025-12-27 08:19:31,587 | INFO | httpx | HTTP Request: POST https://api.telegram.org/bot2123990609:AAF0MTb658CD15pPwAFWTsMesXMLiykRRNk/getUpdates "HTTP/1.1 200 OK"
2025-12-27 08:19:41,749 | INFO | httpx | HTTP Request: POST https://api.telegram.org/bot2123990609:AAF0MTb658CD15pPwAFWTsMesXMLiykRRNk/getUpdates "HTTP/1.1 200 OK"
2025-12-27 08:19:51,916 | INFO | httpx | HTTP Request: POST https://api.telegram.org/bot2123990609:AAF0MTb658CD15pPwAFWTsMesXMLiykRRNk/getUpdates "HTTP/1.1 200 OK"
2025-12-27 08:20:02,080 | INFO | httpx | HTTP Request: POST https://api.telegram.org/bot2123990609:AAF0MTb658CD15pPwAFWTsMesXMLiykRRNk/getUpdates "HTTP/1.1 200 OK"
2025-12-27 08:20:12,248 | INFO | httpx | HTTP Request: POST https://api.telegram.org/bot2123990609:AAF0MTb658CD15pPwAFWTsMesXMLiykRRNk/getUpdates "HTTP/1.1 200 OK"
2025-12-27 08:20:22,415 | INFO | httpx | HTTP Request: POST https://api.telegram.org/bot2123990609:AAF0MTb658CD15pPwAFWTsMesXMLiykRRNk/getUpdates "HTTP/1.1 200 OK"
2025-12-27 08:20:32,578 | INFO | httpx | HTTP Request: POST https://api.telegram.org/bot2123990609:AAF0MTb658CD15pPwAFWTsMesXMLiykRRNk/getUpdates "HTTP/1.1 200 OK"
2025-12-27 08:20:42,739 | INFO | httpx | HTTP Request: POST https://api.telegram.org/bot2123990609:AAF0MTb658CD15pPwAFWTsMesXMLiykRRNk/getUpdates "HTTP/1.1 200 OK"
2025-12-27 08:20:52,909 | INFO | httpx | HTTP Request: POST https://api.telegram.org/bot2123990609:AAF0MTb658CD15pPwAFWTsMesXMLiykRRNk/getUpdates "HTTP/1.1 200 OK"
2025-12-27 08:21:03,071 | INFO | httpx | HTTP Request: POST https://api.telegram.org/bot2123990609:AAF0MTb658CD15pPwAFWTsMesXMLiykRRNk/getUpdates "HTTP/1.1 200 OK"
2025-12-27 08:21:13,243 | INFO | httpx | HTTP Request: POST https://api.telegram.org/bot2123990609:AAF0MTb658CD15pPwAFWTsMesXMLiykRRNk/getUpdates "HTTP/1.1 200 OK"
2025-12-27 08:21:23,405 | INFO | httpx | HTTP Request: POST https://api.telegram.org/bot2123990609:AAF0MTb658CD15pPwAFWTsMesXMLiykRRNk/getUpdates "HTTP/1.1 200 OK"
2025-12-27 08:21:33,566 | INFO | httpx | HTTP Request: POST https://api.telegram.org/bot2123990609:AAF0MTb658CD15pPwAFWTsMesXMLiykRRNk/getUpdates "HTTP/1.1 200 OK"
2025-12-27 08:21:43,732 | INFO | httpx | HTTP Request: POST https://api.telegram.org/bot2123990609:AAF0MTb658CD15pPwAFWTsMesXMLiykRRNk/getUpdates "HTTP/1.1 200 OK"
2025-12-27 08:21:53,895 | INFO | httpx | HTTP Request: POST https://api.telegram.org/bot2123990609:AAF0MTb658CD15pPwAFWTsMesXMLiykRRNk/getUpdates "HTTP/1.1 200 OK"
2025-12-27 08:22:04,058 | INFO | httpx | HTTP Request: POST https://api.telegram.org/bot2123990609:AAF0MTb658CD15pPwAFWTsMesXMLiykRRNk/getUpdates "HTTP/1.1 200 OK"
2025-12-27 08:22:14,227 | INFO | httpx | HTTP Request: POST https://api.telegram.org/bot2123990609:AAF0MTb658CD15pPwAFWTsMesXMLiykRRNk/getUpdates "HTTP/1.1 200 OK"
2025-12-27 08:22:24,389 | INFO | httpx | HTTP Request: POST https://api.telegram.org/bot2123990609:AAF0MTb658CD15pPwAFWTsMesXMLiykRRNk/getUpdates "HTTP/1.1 200 OK"
2025-12-27 08:22:34,559 | INFO | httpx | HTTP Request: POST https://api.telegram.org/bot2123990609:AAF0MTb658CD15pPwAFWTsMesXMLiykRRNk/getUpdates "HTTP/1.1 200 OK"
2025-12-27 08:22:44,735 | INFO | httpx | HTTP Request: POST https://api.telegram.org/bot2123990609:AAF0MTb658CD15pPwAFWTsMesXMLiykRRNk/getUpdates "HTTP/1.1 200 OK"
2025-12-27 08:22:54,903 | INFO | httpx | HTTP Request: POST https://api.telegram.org/bot2123990609:AAF0MTb658CD15pPwAFWTsMesXMLiykRRNk/getUpdates "HTTP/1.1 200 OK"
2025-12-27 08:23:09,931 | ERROR | telegram.ext.Updater | Exception happened while polling for updates.
Traceback (most recent call last):
  File "/home/ubuntu/telegram_project/venv/lib/python3.11/site-packages/httpx/_transports/default.py", line 101, in map_httpcore_exceptions
    yield
  File "/home/ubuntu/telegram_project/venv/lib/python3.11/site-packages/httpx/_transports/default.py", line 394, in handle_async_request
    resp = await self._pool.handle_async_request(req)
           ^^^^^^^^^^^^^^^^^^^^^^^^^^^^^^^^^^^^^^^^^^
  File "/home/ubuntu/telegram_project/venv/lib/python3.11/site-packages/httpcore/_async/connection_pool.py", line 256, in handle_async_request
    raise exc from None
  File "/home/ubuntu/telegram_project/venv/lib/python3.11/site-packages/httpcore/_async/connection_pool.py", line 236, in handle_async_request
    response = await connection.handle_async_request(
               ^^^^^^^^^^^^^^^^^^^^^^^^^^^^^^^^^^^^^^
  File "/home/ubuntu/telegram_project/venv/lib/python3.11/site-packages/httpcore/_async/connection.py", line 101, in handle_async_request
    raise exc
  File "/home/ubuntu/telegram_project/venv/lib/python3.11/site-packages/httpcore/_async/connection.py", line 78, in handle_async_request
    stream = await self._connect(request)
             ^^^^^^^^^^^^^^^^^^^^^^^^^^^^
  File "/home/ubuntu/telegram_project/venv/lib/python3.11/site-packages/httpcore/_async/connection.py", line 156, in _connect
    stream = await stream.start_tls(**kwargs)
             ^^^^^^^^^^^^^^^^^^^^^^^^^^^^^^^^
  File "/home/ubuntu/telegram_project/venv/lib/python3.11/site-packages/httpcore/_backends/anyio.py", line 67, in start_tls
    with map_exceptions(exc_map):
  File "/usr/lib/python3.11/contextlib.py", line 155, in __exit__
    self.gen.throw(typ, value, traceback)
  File "/home/ubuntu/telegram_project/venv/lib/python3.11/site-packages/httpcore/_exceptions.py", line 14, in map_exceptions
    raise to_exc(exc) from exc
httpcore.ConnectError: TLS/SSL connection has been closed (EOF) (_ssl.c:992)

The above exception was the direct cause of the following exception:

Traceback (most recent call last):
  File "/home/ubuntu/telegram_project/venv/lib/python3.11/site-packages/telegram/request/_httpxrequest.py", line 293, in do_request
    res = await self._client.request(
          ^^^^^^^^^^^^^^^^^^^^^^^^^^^
  File "/home/ubuntu/telegram_project/venv/lib/python3.11/site-packages/httpx/_client.py", line 1540, in request
    return await self.send(request, auth=auth, follow_redirects=follow_redirects)
           ^^^^^^^^^^^^^^^^^^^^^^^^^^^^^^^^^^^^^^^^^^^^^^^^^^^^^^^^^^^^^^^^^^^^^^
  File "/home/ubuntu/telegram_project/venv/lib/python3.11/site-packages/httpx/_client.py", line 1629, in send
    response = await self._send_handling_auth(
               ^^^^^^^^^^^^^^^^^^^^^^^^^^^^^^^
  File "/home/ubuntu/telegram_project/venv/lib/python3.11/site-packages/httpx/_client.py", line 1657, in _send_handling_auth
    response = await self._send_handling_redirects(
               ^^^^^^^^^^^^^^^^^^^^^^^^^^^^^^^^^^^^
  File "/home/ubuntu/telegram_project/venv/lib/python3.11/site-packages/httpx/_client.py", line 1694, in _send_handling_redirects
    response = await self._send_single_request(request)
               ^^^^^^^^^^^^^^^^^^^^^^^^^^^^^^^^^^^^^^^^
  File "/home/ubuntu/telegram_project/venv/lib/python3.11/site-packages/httpx/_client.py", line 1730, in _send_single_request
    response = await transport.handle_async_request(request)
               ^^^^^^^^^^^^^^^^^^^^^^^^^^^^^^^^^^^^^^^^^^^^^
  File "/home/ubuntu/telegram_project/venv/lib/python3.11/site-packages/httpx/_transports/default.py", line 393, in handle_async_request
    with map_httpcore_exceptions():
  File "/usr/lib/python3.11/contextlib.py", line 155, in __exit__
    self.gen.throw(typ, value, traceback)
  File "/home/ubuntu/telegram_project/venv/lib/python3.11/site-packages/httpx/_transports/default.py", line 118, in map_httpcore_exceptions
    raise mapped_exc(message) from exc
httpx.ConnectError: TLS/SSL connection has been closed (EOF) (_ssl.c:992)

The above exception was the direct cause of the following exception:

Traceback (most recent call last):
  File "/home/ubuntu/telegram_project/venv/lib/python3.11/site-packages/telegram/ext/_utils/networkloop.py", line 115, in network_retry_loop
    if not await do_action():
           ^^^^^^^^^^^^^^^^^
  File "/home/ubuntu/telegram_project/venv/lib/python3.11/site-packages/telegram/ext/_utils/networkloop.py", line 108, in do_action
    return action_cb_task.result()
           ^^^^^^^^^^^^^^^^^^^^^^^
  File "/home/ubuntu/telegram_project/venv/lib/python3.11/site-packages/telegram/ext/_updater.py", line 376, in polling_action_cb
    updates = await self.bot.get_updates(
              ^^^^^^^^^^^^^^^^^^^^^^^^^^^
  File "/home/ubuntu/telegram_project/venv/lib/python3.11/site-packages/telegram/ext/_extbot.py", line 658, in get_updates
    updates = await super().get_updates(
              ^^^^^^^^^^^^^^^^^^^^^^^^^^
  File "/home/ubuntu/telegram_project/venv/lib/python3.11/site-packages/telegram/_bot.py", line 4605, in get_updates
    await self._post(
  File "/home/ubuntu/telegram_project/venv/lib/python3.11/site-packages/telegram/_bot.py", line 691, in _post
    return await self._do_post(
           ^^^^^^^^^^^^^^^^^^^^
  File "/home/ubuntu/telegram_project/venv/lib/python3.11/site-packages/telegram/ext/_extbot.py", line 362, in _do_post
    return await super()._do_post(
           ^^^^^^^^^^^^^^^^^^^^^^^
  File "/home/ubuntu/telegram_project/venv/lib/python3.11/site-packages/telegram/_bot.py", line 720, in _do_post
    result = await request.post(
             ^^^^^^^^^^^^^^^^^^^
  File "/home/ubuntu/telegram_project/venv/lib/python3.11/site-packages/telegram/request/_baserequest.py", line 202, in post
    result = await self._request_wrapper(
             ^^^^^^^^^^^^^^^^^^^^^^^^^^^^
  File "/home/ubuntu/telegram_project/venv/lib/python3.11/site-packages/telegram/request/_baserequest.py", line 334, in _request_wrapper
    code, payload = await self.do_request(
                    ^^^^^^^^^^^^^^^^^^^^^^
  File "/home/ubuntu/telegram_project/venv/lib/python3.11/site-packages/telegram/request/_httpxrequest.py", line 317, in do_request
    raise NetworkError(f"httpx.{err.__class__.__name__}: {err}") from err
telegram.error.NetworkError: httpx.ConnectError: TLS/SSL connection has been closed (EOF) (_ssl.c:992)
2025-12-27 08:23:15,947 | ERROR | telegram.ext.Updater | Exception happened while polling for updates.
Traceback (most recent call last):
  File "/home/ubuntu/telegram_project/venv/lib/python3.11/site-packages/httpx/_transports/default.py", line 101, in map_httpcore_exceptions
    yield
  File "/home/ubuntu/telegram_project/venv/lib/python3.11/site-packages/httpx/_transports/default.py", line 394, in handle_async_request
    resp = await self._pool.handle_async_request(req)
           ^^^^^^^^^^^^^^^^^^^^^^^^^^^^^^^^^^^^^^^^^^
  File "/home/ubuntu/telegram_project/venv/lib/python3.11/site-packages/httpcore/_async/connection_pool.py", line 256, in handle_async_request
    raise exc from None
  File "/home/ubuntu/telegram_project/venv/lib/python3.11/site-packages/httpcore/_async/connection_pool.py", line 236, in handle_async_request
    response = await connection.handle_async_request(
               ^^^^^^^^^^^^^^^^^^^^^^^^^^^^^^^^^^^^^^
  File "/home/ubuntu/telegram_project/venv/lib/python3.11/site-packages/httpcore/_async/connection.py", line 101, in handle_async_request
    raise exc
  File "/home/ubuntu/telegram_project/venv/lib/python3.11/site-packages/httpcore/_async/connection.py", line 78, in handle_async_request
    stream = await self._connect(request)
             ^^^^^^^^^^^^^^^^^^^^^^^^^^^^
  File "/home/ubuntu/telegram_project/venv/lib/python3.11/site-packages/httpcore/_async/connection.py", line 156, in _connect
    stream = await stream.start_tls(**kwargs)
             ^^^^^^^^^^^^^^^^^^^^^^^^^^^^^^^^
  File "/home/ubuntu/telegram_project/venv/lib/python3.11/site-packages/httpcore/_backends/anyio.py", line 67, in start_tls
    with map_exceptions(exc_map):
  File "/usr/lib/python3.11/contextlib.py", line 155, in __exit__
    self.gen.throw(typ, value, traceback)
  File "/home/ubuntu/telegram_project/venv/lib/python3.11/site-packages/httpcore/_exceptions.py", line 14, in map_exceptions
    raise to_exc(exc) from exc
httpcore.ConnectError: TLS/SSL connection has been closed (EOF) (_ssl.c:992)

The above exception was the direct cause of the following exception:

Traceback (most recent call last):
  File "/home/ubuntu/telegram_project/venv/lib/python3.11/site-packages/telegram/request/_httpxrequest.py", line 293, in do_request
    res = await self._client.request(
          ^^^^^^^^^^^^^^^^^^^^^^^^^^^
  File "/home/ubuntu/telegram_project/venv/lib/python3.11/site-packages/httpx/_client.py", line 1540, in request
    return await self.send(request, auth=auth, follow_redirects=follow_redirects)
           ^^^^^^^^^^^^^^^^^^^^^^^^^^^^^^^^^^^^^^^^^^^^^^^^^^^^^^^^^^^^^^^^^^^^^^
  File "/home/ubuntu/telegram_project/venv/lib/python3.11/site-packages/httpx/_client.py", line 1629, in send
    response = await self._send_handling_auth(
               ^^^^^^^^^^^^^^^^^^^^^^^^^^^^^^^
  File "/home/ubuntu/telegram_project/venv/lib/python3.11/site-packages/httpx/_client.py", line 1657, in _send_handling_auth
    response = await self._send_handling_redirects(
               ^^^^^^^^^^^^^^^^^^^^^^^^^^^^^^^^^^^^
  File "/home/ubuntu/telegram_project/venv/lib/python3.11/site-packages/httpx/_client.py", line 1694, in _send_handling_redirects
    response = await self._send_single_request(request)
               ^^^^^^^^^^^^^^^^^^^^^^^^^^^^^^^^^^^^^^^^
  File "/home/ubuntu/telegram_project/venv/lib/python3.11/site-packages/httpx/_client.py", line 1730, in _send_single_request
    response = await transport.handle_async_request(request)
               ^^^^^^^^^^^^^^^^^^^^^^^^^^^^^^^^^^^^^^^^^^^^^
  File "/home/ubuntu/telegram_project/venv/lib/python3.11/site-packages/httpx/_transports/default.py", line 393, in handle_async_request
    with map_httpcore_exceptions():
  File "/usr/lib/python3.11/contextlib.py", line 155, in __exit__
    self.gen.throw(typ, value, traceback)
  File "/home/ubuntu/telegram_project/venv/lib/python3.11/site-packages/httpx/_transports/default.py", line 118, in map_httpcore_exceptions
    raise mapped_exc(message) from exc
httpx.ConnectError: TLS/SSL connection has been closed (EOF) (_ssl.c:992)

The above exception was the direct cause of the following exception:

Traceback (most recent call last):
  File "/home/ubuntu/telegram_project/venv/lib/python3.11/site-packages/telegram/ext/_utils/networkloop.py", line 115, in network_retry_loop
    if not await do_action():
           ^^^^^^^^^^^^^^^^^
  File "/home/ubuntu/telegram_project/venv/lib/python3.11/site-packages/telegram/ext/_utils/networkloop.py", line 108, in do_action
    return action_cb_task.result()
           ^^^^^^^^^^^^^^^^^^^^^^^
  File "/home/ubuntu/telegram_project/venv/lib/python3.11/site-packages/telegram/ext/_updater.py", line 376, in polling_action_cb
    updates = await self.bot.get_updates(
              ^^^^^^^^^^^^^^^^^^^^^^^^^^^
  File "/home/ubuntu/telegram_project/venv/lib/python3.11/site-packages/telegram/ext/_extbot.py", line 658, in get_updates
    updates = await super().get_updates(
              ^^^^^^^^^^^^^^^^^^^^^^^^^^
  File "/home/ubuntu/telegram_project/venv/lib/python3.11/site-packages/telegram/_bot.py", line 4605, in get_updates
    await self._post(
  File "/home/ubuntu/telegram_project/venv/lib/python3.11/site-packages/telegram/_bot.py", line 691, in _post
    return await self._do_post(
           ^^^^^^^^^^^^^^^^^^^^
  File "/home/ubuntu/telegram_project/venv/lib/python3.11/site-packages/telegram/ext/_extbot.py", line 362, in _do_post
    return await super()._do_post(
           ^^^^^^^^^^^^^^^^^^^^^^^
  File "/home/ubuntu/telegram_project/venv/lib/python3.11/site-packages/telegram/_bot.py", line 720, in _do_post
    result = await request.post(
             ^^^^^^^^^^^^^^^^^^^
  File "/home/ubuntu/telegram_project/venv/lib/python3.11/site-packages/telegram/request/_baserequest.py", line 202, in post
    result = await self._request_wrapper(
             ^^^^^^^^^^^^^^^^^^^^^^^^^^^^
  File "/home/ubuntu/telegram_project/venv/lib/python3.11/site-packages/telegram/request/_baserequest.py", line 334, in _request_wrapper
    code, payload = await self.do_request(
                    ^^^^^^^^^^^^^^^^^^^^^^
  File "/home/ubuntu/telegram_project/venv/lib/python3.11/site-packages/telegram/request/_httpxrequest.py", line 317, in do_request
    raise NetworkError(f"httpx.{err.__class__.__name__}: {err}") from err
telegram.error.NetworkError: httpx.ConnectError: TLS/SSL connection has been closed (EOF) (_ssl.c:992)
2025-12-27 08:23:42,491 | ERROR | telegram.ext.Updater | Exception happened while polling for updates.
Traceback (most recent call last):
  File "/home/ubuntu/telegram_project/venv/lib/python3.11/site-packages/httpx/_transports/default.py", line 101, in map_httpcore_exceptions
    yield
  File "/home/ubuntu/telegram_project/venv/lib/python3.11/site-packages/httpx/_transports/default.py", line 394, in handle_async_request
    resp = await self._pool.handle_async_request(req)
           ^^^^^^^^^^^^^^^^^^^^^^^^^^^^^^^^^^^^^^^^^^
  File "/home/ubuntu/telegram_project/venv/lib/python3.11/site-packages/httpcore/_async/connection_pool.py", line 256, in handle_async_request
    raise exc from None
  File "/home/ubuntu/telegram_project/venv/lib/python3.11/site-packages/httpcore/_async/connection_pool.py", line 236, in handle_async_request
    response = await connection.handle_async_request(
               ^^^^^^^^^^^^^^^^^^^^^^^^^^^^^^^^^^^^^^
  File "/home/ubuntu/telegram_project/venv/lib/python3.11/site-packages/httpcore/_async/connection.py", line 101, in handle_async_request
    raise exc
  File "/home/ubuntu/telegram_project/venv/lib/python3.11/site-packages/httpcore/_async/connection.py", line 78, in handle_async_request
    stream = await self._connect(request)
             ^^^^^^^^^^^^^^^^^^^^^^^^^^^^
  File "/home/ubuntu/telegram_project/venv/lib/python3.11/site-packages/httpcore/_async/connection.py", line 156, in _connect
    stream = await stream.start_tls(**kwargs)
             ^^^^^^^^^^^^^^^^^^^^^^^^^^^^^^^^
  File "/home/ubuntu/telegram_project/venv/lib/python3.11/site-packages/httpcore/_backends/anyio.py", line 67, in start_tls
    with map_exceptions(exc_map):
  File "/usr/lib/python3.11/contextlib.py", line 155, in __exit__
    self.gen.throw(typ, value, traceback)
  File "/home/ubuntu/telegram_project/venv/lib/python3.11/site-packages/httpcore/_exceptions.py", line 14, in map_exceptions
    raise to_exc(exc) from exc
httpcore.ConnectError: TLS/SSL connection has been closed (EOF) (_ssl.c:992)

The above exception was the direct cause of the following exception:

Traceback (most recent call last):
  File "/home/ubuntu/telegram_project/venv/lib/python3.11/site-packages/telegram/request/_httpxrequest.py", line 293, in do_request
    res = await self._client.request(
          ^^^^^^^^^^^^^^^^^^^^^^^^^^^
  File "/home/ubuntu/telegram_project/venv/lib/python3.11/site-packages/httpx/_client.py", line 1540, in request
    return await self.send(request, auth=auth, follow_redirects=follow_redirects)
           ^^^^^^^^^^^^^^^^^^^^^^^^^^^^^^^^^^^^^^^^^^^^^^^^^^^^^^^^^^^^^^^^^^^^^^
  File "/home/ubuntu/telegram_project/venv/lib/python3.11/site-packages/httpx/_client.py", line 1629, in send
    response = await self._send_handling_auth(
               ^^^^^^^^^^^^^^^^^^^^^^^^^^^^^^^
  File "/home/ubuntu/telegram_project/venv/lib/python3.11/site-packages/httpx/_client.py", line 1657, in _send_handling_auth
    response = await self._send_handling_redirects(
               ^^^^^^^^^^^^^^^^^^^^^^^^^^^^^^^^^^^^
  File "/home/ubuntu/telegram_project/venv/lib/python3.11/site-packages/httpx/_client.py", line 1694, in _send_handling_redirects
    response = await self._send_single_request(request)
               ^^^^^^^^^^^^^^^^^^^^^^^^^^^^^^^^^^^^^^^^
  File "/home/ubuntu/telegram_project/venv/lib/python3.11/site-packages/httpx/_client.py", line 1730, in _send_single_request
    response = await transport.handle_async_request(request)
               ^^^^^^^^^^^^^^^^^^^^^^^^^^^^^^^^^^^^^^^^^^^^^
  File "/home/ubuntu/telegram_project/venv/lib/python3.11/site-packages/httpx/_transports/default.py", line 393, in handle_async_request
    with map_httpcore_exceptions():
  File "/usr/lib/python3.11/contextlib.py", line 155, in __exit__
    self.gen.throw(typ, value, traceback)
  File "/home/ubuntu/telegram_project/venv/lib/python3.11/site-packages/httpx/_transports/default.py", line 118, in map_httpcore_exceptions
    raise mapped_exc(message) from exc
httpx.ConnectError: TLS/SSL connection has been closed (EOF) (_ssl.c:992)

The above exception was the direct cause of the following exception:

Traceback (most recent call last):
  File "/home/ubuntu/telegram_project/venv/lib/python3.11/site-packages/telegram/ext/_utils/networkloop.py", line 115, in network_retry_loop
    if not await do_action():
           ^^^^^^^^^^^^^^^^^
  File "/home/ubuntu/telegram_project/venv/lib/python3.11/site-packages/telegram/ext/_utils/networkloop.py", line 108, in do_action
    return action_cb_task.result()
           ^^^^^^^^^^^^^^^^^^^^^^^
  File "/home/ubuntu/telegram_project/venv/lib/python3.11/site-packages/telegram/ext/_updater.py", line 376, in polling_action_cb
    updates = await self.bot.get_updates(
              ^^^^^^^^^^^^^^^^^^^^^^^^^^^
  File "/home/ubuntu/telegram_project/venv/lib/python3.11/site-packages/telegram/ext/_extbot.py", line 658, in get_updates
    updates = await super().get_updates(
              ^^^^^^^^^^^^^^^^^^^^^^^^^^
  File "/home/ubuntu/telegram_project/venv/lib/python3.11/site-packages/telegram/_bot.py", line 4605, in get_updates
    await self._post(
  File "/home/ubuntu/telegram_project/venv/lib/python3.11/site-packages/telegram/_bot.py", line 691, in _post
    return await self._do_post(
           ^^^^^^^^^^^^^^^^^^^^
  File "/home/ubuntu/telegram_project/venv/lib/python3.11/site-packages/telegram/ext/_extbot.py", line 362, in _do_post
    return await super()._do_post(
           ^^^^^^^^^^^^^^^^^^^^^^^
  File "/home/ubuntu/telegram_project/venv/lib/python3.11/site-packages/telegram/_bot.py", line 720, in _do_post
    result = await request.post(
             ^^^^^^^^^^^^^^^^^^^
  File "/home/ubuntu/telegram_project/venv/lib/python3.11/site-packages/telegram/request/_baserequest.py", line 202, in post
    result = await self._request_wrapper(
             ^^^^^^^^^^^^^^^^^^^^^^^^^^^^
  File "/home/ubuntu/telegram_project/venv/lib/python3.11/site-packages/telegram/request/_baserequest.py", line 334, in _request_wrapper
    code, payload = await self.do_request(
                    ^^^^^^^^^^^^^^^^^^^^^^
  File "/home/ubuntu/telegram_project/venv/lib/python3.11/site-packages/telegram/request/_httpxrequest.py", line 317, in do_request
    raise NetworkError(f"httpx.{err.__class__.__name__}: {err}") from err
telegram.error.NetworkError: httpx.ConnectError: TLS/SSL connection has been closed (EOF) (_ssl.c:992)
2025-12-27 08:23:48,502 | ERROR | telegram.ext.Updater | Exception happened while polling for updates.
Traceback (most recent call last):
  File "/home/ubuntu/telegram_project/venv/lib/python3.11/site-packages/httpx/_transports/default.py", line 101, in map_httpcore_exceptions
    yield
  File "/home/ubuntu/telegram_project/venv/lib/python3.11/site-packages/httpx/_transports/default.py", line 394, in handle_async_request
    resp = await self._pool.handle_async_request(req)
           ^^^^^^^^^^^^^^^^^^^^^^^^^^^^^^^^^^^^^^^^^^
  File "/home/ubuntu/telegram_project/venv/lib/python3.11/site-packages/httpcore/_async/connection_pool.py", line 256, in handle_async_request
    raise exc from None
  File "/home/ubuntu/telegram_project/venv/lib/python3.11/site-packages/httpcore/_async/connection_pool.py", line 236, in handle_async_request
    response = await connection.handle_async_request(
               ^^^^^^^^^^^^^^^^^^^^^^^^^^^^^^^^^^^^^^
  File "/home/ubuntu/telegram_project/venv/lib/python3.11/site-packages/httpcore/_async/connection.py", line 101, in handle_async_request
    raise exc
  File "/home/ubuntu/telegram_project/venv/lib/python3.11/site-packages/httpcore/_async/connection.py", line 78, in handle_async_request
    stream = await self._connect(request)
             ^^^^^^^^^^^^^^^^^^^^^^^^^^^^
  File "/home/ubuntu/telegram_project/venv/lib/python3.11/site-packages/httpcore/_async/connection.py", line 156, in _connect
    stream = await stream.start_tls(**kwargs)
             ^^^^^^^^^^^^^^^^^^^^^^^^^^^^^^^^
  File "/home/ubuntu/telegram_project/venv/lib/python3.11/site-packages/httpcore/_backends/anyio.py", line 67, in start_tls
    with map_exceptions(exc_map):
  File "/usr/lib/python3.11/contextlib.py", line 155, in __exit__
    self.gen.throw(typ, value, traceback)
  File "/home/ubuntu/telegram_project/venv/lib/python3.11/site-packages/httpcore/_exceptions.py", line 14, in map_exceptions
    raise to_exc(exc) from exc
httpcore.ConnectError: TLS/SSL connection has been closed (EOF) (_ssl.c:992)

The above exception was the direct cause of the following exception:

Traceback (most recent call last):
  File "/home/ubuntu/telegram_project/venv/lib/python3.11/site-packages/telegram/request/_httpxrequest.py", line 293, in do_request
    res = await self._client.request(
          ^^^^^^^^^^^^^^^^^^^^^^^^^^^
  File "/home/ubuntu/telegram_project/venv/lib/python3.11/site-packages/httpx/_client.py", line 1540, in request
    return await self.send(request, auth=auth, follow_redirects=follow_redirects)
           ^^^^^^^^^^^^^^^^^^^^^^^^^^^^^^^^^^^^^^^^^^^^^^^^^^^^^^^^^^^^^^^^^^^^^^
  File "/home/ubuntu/telegram_project/venv/lib/python3.11/site-packages/httpx/_client.py", line 1629, in send
    response = await self._send_handling_auth(
               ^^^^^^^^^^^^^^^^^^^^^^^^^^^^^^^
  File "/home/ubuntu/telegram_project/venv/lib/python3.11/site-packages/httpx/_client.py", line 1657, in _send_handling_auth
    response = await self._send_handling_redirects(
               ^^^^^^^^^^^^^^^^^^^^^^^^^^^^^^^^^^^^
  File "/home/ubuntu/telegram_project/venv/lib/python3.11/site-packages/httpx/_client.py", line 1694, in _send_handling_redirects
    response = await self._send_single_request(request)
               ^^^^^^^^^^^^^^^^^^^^^^^^^^^^^^^^^^^^^^^^
  File "/home/ubuntu/telegram_project/venv/lib/python3.11/site-packages/httpx/_client.py", line 1730, in _send_single_request
    response = await transport.handle_async_request(request)
               ^^^^^^^^^^^^^^^^^^^^^^^^^^^^^^^^^^^^^^^^^^^^^
  File "/home/ubuntu/telegram_project/venv/lib/python3.11/site-packages/httpx/_transports/default.py", line 393, in handle_async_request
    with map_httpcore_exceptions():
  File "/usr/lib/python3.11/contextlib.py", line 155, in __exit__
    self.gen.throw(typ, value, traceback)
  File "/home/ubuntu/telegram_project/venv/lib/python3.11/site-packages/httpx/_transports/default.py", line 118, in map_httpcore_exceptions
    raise mapped_exc(message) from exc
httpx.ConnectError: TLS/SSL connection has been closed (EOF) (_ssl.c:992)

The above exception was the direct cause of the following exception:

Traceback (most recent call last):
  File "/home/ubuntu/telegram_project/venv/lib/python3.11/site-packages/telegram/ext/_utils/networkloop.py", line 115, in network_retry_loop
    if not await do_action():
           ^^^^^^^^^^^^^^^^^
  File "/home/ubuntu/telegram_project/venv/lib/python3.11/site-packages/telegram/ext/_utils/networkloop.py", line 108, in do_action
    return action_cb_task.result()
           ^^^^^^^^^^^^^^^^^^^^^^^
  File "/home/ubuntu/telegram_project/venv/lib/python3.11/site-packages/telegram/ext/_updater.py", line 376, in polling_action_cb
    updates = await self.bot.get_updates(
              ^^^^^^^^^^^^^^^^^^^^^^^^^^^
  File "/home/ubuntu/telegram_project/venv/lib/python3.11/site-packages/telegram/ext/_extbot.py", line 658, in get_updates
    updates = await super().get_updates(
              ^^^^^^^^^^^^^^^^^^^^^^^^^^
  File "/home/ubuntu/telegram_project/venv/lib/python3.11/site-packages/telegram/_bot.py", line 4605, in get_updates
    await self._post(
  File "/home/ubuntu/telegram_project/venv/lib/python3.11/site-packages/telegram/_bot.py", line 691, in _post
    return await self._do_post(
           ^^^^^^^^^^^^^^^^^^^^
  File "/home/ubuntu/telegram_project/venv/lib/python3.11/site-packages/telegram/ext/_extbot.py", line 362, in _do_post
    return await super()._do_post(
           ^^^^^^^^^^^^^^^^^^^^^^^
  File "/home/ubuntu/telegram_project/venv/lib/python3.11/site-packages/telegram/_bot.py", line 720, in _do_post
    result = await request.post(
             ^^^^^^^^^^^^^^^^^^^
  File "/home/ubuntu/telegram_project/venv/lib/python3.11/site-packages/telegram/request/_baserequest.py", line 202, in post
    result = await self._request_wrapper(
             ^^^^^^^^^^^^^^^^^^^^^^^^^^^^
  File "/home/ubuntu/telegram_project/venv/lib/python3.11/site-packages/telegram/request/_baserequest.py", line 334, in _request_wrapper
    code, payload = await self.do_request(
                    ^^^^^^^^^^^^^^^^^^^^^^
  File "/home/ubuntu/telegram_project/venv/lib/python3.11/site-packages/telegram/request/_httpxrequest.py", line 317, in do_request
    raise NetworkError(f"httpx.{err.__class__.__name__}: {err}") from err
telegram.error.NetworkError: httpx.ConnectError: TLS/SSL connection has been closed (EOF) (_ssl.c:992)
2025-12-27 08:24:05,606 | INFO | httpx | HTTP Request: POST https://api.telegram.org/bot2123990609:AAF0MTb658CD15pPwAFWTsMesXMLiykRRNk/getUpdates "HTTP/1.1 200 OK"
2025-12-27 08:24:15,794 | INFO | httpx | HTTP Request: POST https://api.telegram.org/bot2123990609:AAF0MTb658CD15pPwAFWTsMesXMLiykRRNk/getUpdates "HTTP/1.1 200 OK"
2025-12-27 08:24:25,981 | INFO | httpx | HTTP Request: POST https://api.telegram.org/bot2123990609:AAF0MTb658CD15pPwAFWTsMesXMLiykRRNk/getUpdates "HTTP/1.1 200 OK"
2025-12-27 08:24:36,166 | INFO | httpx | HTTP Request: POST https://api.telegram.org/bot2123990609:AAF0MTb658CD15pPwAFWTsMesXMLiykRRNk/getUpdates "HTTP/1.1 200 OK"
2025-12-27 08:24:46,355 | INFO | httpx | HTTP Request: POST https://api.telegram.org/bot2123990609:AAF0MTb658CD15pPwAFWTsMesXMLiykRRNk/getUpdates "HTTP/1.1 200 OK"
2025-12-27 08:24:56,544 | INFO | httpx | HTTP Request: POST https://api.telegram.org/bot2123990609:AAF0MTb658CD15pPwAFWTsMesXMLiykRRNk/getUpdates "HTTP/1.1 200 OK"
2025-12-27 08:25:06,838 | INFO | httpx | HTTP Request: POST https://api.telegram.org/bot2123990609:AAF0MTb658CD15pPwAFWTsMesXMLiykRRNk/getUpdates "HTTP/1.1 200 OK"
2025-12-27 08:25:17,986 | INFO | httpx | HTTP Request: POST https://api.telegram.org/bot2123990609:AAF0MTb658CD15pPwAFWTsMesXMLiykRRNk/getUpdates "HTTP/1.1 200 OK"
2025-12-27 08:25:28,284 | INFO | httpx | HTTP Request: POST https://api.telegram.org/bot2123990609:AAF0MTb658CD15pPwAFWTsMesXMLiykRRNk/getUpdates "HTTP/1.1 200 OK"
2025-12-27 08:25:38,473 | INFO | httpx | HTTP Request: POST https://api.telegram.org/bot2123990609:AAF0MTb658CD15pPwAFWTsMesXMLiykRRNk/getUpdates "HTTP/1.1 200 OK"
2025-12-27 08:25:48,660 | INFO | httpx | HTTP Request: POST https://api.telegram.org/bot2123990609:AAF0MTb658CD15pPwAFWTsMesXMLiykRRNk/getUpdates "HTTP/1.1 200 OK"
2025-12-27 08:25:58,852 | INFO | httpx | HTTP Request: POST https://api.telegram.org/bot2123990609:AAF0MTb658CD15pPwAFWTsMesXMLiykRRNk/getUpdates "HTTP/1.1 200 OK"
2025-12-27 08:26:09,046 | INFO | httpx | HTTP Request: POST https://api.telegram.org/bot2123990609:AAF0MTb658CD15pPwAFWTsMesXMLiykRRNk/getUpdates "HTTP/1.1 200 OK"
2025-12-27 08:26:19,230 | INFO | httpx | HTTP Request: POST https://api.telegram.org/bot2123990609:AAF0MTb658CD15pPwAFWTsMesXMLiykRRNk/getUpdates "HTTP/1.1 200 OK"
2025-12-27 08:26:29,424 | INFO | httpx | HTTP Request: POST https://api.telegram.org/bot2123990609:AAF0MTb658CD15pPwAFWTsMesXMLiykRRNk/getUpdates "HTTP/1.1 200 OK"
2025-12-27 08:26:39,625 | INFO | httpx | HTTP Request: POST https://api.telegram.org/bot2123990609:AAF0MTb658CD15pPwAFWTsMesXMLiykRRNk/getUpdates "HTTP/1.1 200 OK"
2025-12-27 08:26:49,812 | INFO | httpx | HTTP Request: POST https://api.telegram.org/bot2123990609:AAF0MTb658CD15pPwAFWTsMesXMLiykRRNk/getUpdates "HTTP/1.1 200 OK"
2025-12-27 08:29:25,244 | INFO | httpx | HTTP Request: POST https://api.telegram.org/bot2123990609:AAF0MTb658CD15pPwAFWTsMesXMLiykRRNk/getUpdates "HTTP/1.1 200 OK"
2025-12-27 08:29:45,270 | ERROR | telegram.ext.Updater | Exception happened while polling for updates.
Traceback (most recent call last):
  File "/home/ubuntu/telegram_project/venv/lib/python3.11/site-packages/httpx/_transports/default.py", line 101, in map_httpcore_exceptions
    yield
  File "/home/ubuntu/telegram_project/venv/lib/python3.11/site-packages/httpx/_transports/default.py", line 394, in handle_async_request
    resp = await self._pool.handle_async_request(req)
           ^^^^^^^^^^^^^^^^^^^^^^^^^^^^^^^^^^^^^^^^^^
  File "/home/ubuntu/telegram_project/venv/lib/python3.11/site-packages/httpcore/_async/connection_pool.py", line 256, in handle_async_request
    raise exc from None
  File "/home/ubuntu/telegram_project/venv/lib/python3.11/site-packages/httpcore/_async/connection_pool.py", line 236, in handle_async_request
    response = await connection.handle_async_request(
               ^^^^^^^^^^^^^^^^^^^^^^^^^^^^^^^^^^^^^^
  File "/home/ubuntu/telegram_project/venv/lib/python3.11/site-packages/httpcore/_async/connection.py", line 101, in handle_async_request
    raise exc
  File "/home/ubuntu/telegram_project/venv/lib/python3.11/site-packages/httpcore/_async/connection.py", line 78, in handle_async_request
    stream = await self._connect(request)
             ^^^^^^^^^^^^^^^^^^^^^^^^^^^^
  File "/home/ubuntu/telegram_project/venv/lib/python3.11/site-packages/httpcore/_async/connection.py", line 156, in _connect
    stream = await stream.start_tls(**kwargs)
             ^^^^^^^^^^^^^^^^^^^^^^^^^^^^^^^^
  File "/home/ubuntu/telegram_project/venv/lib/python3.11/site-packages/httpcore/_backends/anyio.py", line 67, in start_tls
    with map_exceptions(exc_map):
  File "/usr/lib/python3.11/contextlib.py", line 155, in __exit__
    self.gen.throw(typ, value, traceback)
  File "/home/ubuntu/telegram_project/venv/lib/python3.11/site-packages/httpcore/_exceptions.py", line 14, in map_exceptions
    raise to_exc(exc) from exc
httpcore.ConnectError: TLS/SSL connection has been closed (EOF) (_ssl.c:992)

The above exception was the direct cause of the following exception:

Traceback (most recent call last):
  File "/home/ubuntu/telegram_project/venv/lib/python3.11/site-packages/telegram/request/_httpxrequest.py", line 293, in do_request
    res = await self._client.request(
          ^^^^^^^^^^^^^^^^^^^^^^^^^^^
  File "/home/ubuntu/telegram_project/venv/lib/python3.11/site-packages/httpx/_client.py", line 1540, in request
    return await self.send(request, auth=auth, follow_redirects=follow_redirects)
           ^^^^^^^^^^^^^^^^^^^^^^^^^^^^^^^^^^^^^^^^^^^^^^^^^^^^^^^^^^^^^^^^^^^^^^
  File "/home/ubuntu/telegram_project/venv/lib/python3.11/site-packages/httpx/_client.py", line 1629, in send
    response = await self._send_handling_auth(
               ^^^^^^^^^^^^^^^^^^^^^^^^^^^^^^^
  File "/home/ubuntu/telegram_project/venv/lib/python3.11/site-packages/httpx/_client.py", line 1657, in _send_handling_auth
    response = await self._send_handling_redirects(
               ^^^^^^^^^^^^^^^^^^^^^^^^^^^^^^^^^^^^
  File "/home/ubuntu/telegram_project/venv/lib/python3.11/site-packages/httpx/_client.py", line 1694, in _send_handling_redirects
    response = await self._send_single_request(request)
               ^^^^^^^^^^^^^^^^^^^^^^^^^^^^^^^^^^^^^^^^
  File "/home/ubuntu/telegram_project/venv/lib/python3.11/site-packages/httpx/_client.py", line 1730, in _send_single_request
    response = await transport.handle_async_request(request)
               ^^^^^^^^^^^^^^^^^^^^^^^^^^^^^^^^^^^^^^^^^^^^^
  File "/home/ubuntu/telegram_project/venv/lib/python3.11/site-packages/httpx/_transports/default.py", line 393, in handle_async_request
    with map_httpcore_exceptions():
  File "/usr/lib/python3.11/contextlib.py", line 155, in __exit__
    self.gen.throw(typ, value, traceback)
  File "/home/ubuntu/telegram_project/venv/lib/python3.11/site-packages/httpx/_transports/default.py", line 118, in map_httpcore_exceptions
    raise mapped_exc(message) from exc
httpx.ConnectError: TLS/SSL connection has been closed (EOF) (_ssl.c:992)

The above exception was the direct cause of the following exception:

Traceback (most recent call last):
  File "/home/ubuntu/telegram_project/venv/lib/python3.11/site-packages/telegram/ext/_utils/networkloop.py", line 115, in network_retry_loop
    if not await do_action():
           ^^^^^^^^^^^^^^^^^
  File "/home/ubuntu/telegram_project/venv/lib/python3.11/site-packages/telegram/ext/_utils/networkloop.py", line 108, in do_action
    return action_cb_task.result()
           ^^^^^^^^^^^^^^^^^^^^^^^
  File "/home/ubuntu/telegram_project/venv/lib/python3.11/site-packages/telegram/ext/_updater.py", line 376, in polling_action_cb
    updates = await self.bot.get_updates(
              ^^^^^^^^^^^^^^^^^^^^^^^^^^^
  File "/home/ubuntu/telegram_project/venv/lib/python3.11/site-packages/telegram/ext/_extbot.py", line 658, in get_updates
    updates = await super().get_updates(
              ^^^^^^^^^^^^^^^^^^^^^^^^^^
  File "/home/ubuntu/telegram_project/venv/lib/python3.11/site-packages/telegram/_bot.py", line 4605, in get_updates
    await self._post(
  File "/home/ubuntu/telegram_project/venv/lib/python3.11/site-packages/telegram/_bot.py", line 691, in _post
    return await self._do_post(
           ^^^^^^^^^^^^^^^^^^^^
  File "/home/ubuntu/telegram_project/venv/lib/python3.11/site-packages/telegram/ext/_extbot.py", line 362, in _do_post
    return await super()._do_post(
           ^^^^^^^^^^^^^^^^^^^^^^^
  File "/home/ubuntu/telegram_project/venv/lib/python3.11/site-packages/telegram/_bot.py", line 720, in _do_post
    result = await request.post(
             ^^^^^^^^^^^^^^^^^^^
  File "/home/ubuntu/telegram_project/venv/lib/python3.11/site-packages/telegram/request/_baserequest.py", line 202, in post
    result = await self._request_wrapper(
             ^^^^^^^^^^^^^^^^^^^^^^^^^^^^
  File "/home/ubuntu/telegram_project/venv/lib/python3.11/site-packages/telegram/request/_baserequest.py", line 334, in _request_wrapper
    code, payload = await self.do_request(
                    ^^^^^^^^^^^^^^^^^^^^^^
  File "/home/ubuntu/telegram_project/venv/lib/python3.11/site-packages/telegram/request/_httpxrequest.py", line 317, in do_request
    raise NetworkError(f"httpx.{err.__class__.__name__}: {err}") from err
telegram.error.NetworkError: httpx.ConnectError: TLS/SSL connection has been closed (EOF) (_ssl.c:992)
2025-12-27 08:29:51,279 | ERROR | telegram.ext.Updater | Exception happened while polling for updates.
Traceback (most recent call last):
  File "/home/ubuntu/telegram_project/venv/lib/python3.11/site-packages/httpx/_transports/default.py", line 101, in map_httpcore_exceptions
    yield
  File "/home/ubuntu/telegram_project/venv/lib/python3.11/site-packages/httpx/_transports/default.py", line 394, in handle_async_request
    resp = await self._pool.handle_async_request(req)
           ^^^^^^^^^^^^^^^^^^^^^^^^^^^^^^^^^^^^^^^^^^
  File "/home/ubuntu/telegram_project/venv/lib/python3.11/site-packages/httpcore/_async/connection_pool.py", line 256, in handle_async_request
    raise exc from None
  File "/home/ubuntu/telegram_project/venv/lib/python3.11/site-packages/httpcore/_async/connection_pool.py", line 236, in handle_async_request
    response = await connection.handle_async_request(
               ^^^^^^^^^^^^^^^^^^^^^^^^^^^^^^^^^^^^^^
  File "/home/ubuntu/telegram_project/venv/lib/python3.11/site-packages/httpcore/_async/connection.py", line 101, in handle_async_request
    raise exc
  File "/home/ubuntu/telegram_project/venv/lib/python3.11/site-packages/httpcore/_async/connection.py", line 78, in handle_async_request
    stream = await self._connect(request)
             ^^^^^^^^^^^^^^^^^^^^^^^^^^^^
  File "/home/ubuntu/telegram_project/venv/lib/python3.11/site-packages/httpcore/_async/connection.py", line 156, in _connect
    stream = await stream.start_tls(**kwargs)
             ^^^^^^^^^^^^^^^^^^^^^^^^^^^^^^^^
  File "/home/ubuntu/telegram_project/venv/lib/python3.11/site-packages/httpcore/_backends/anyio.py", line 67, in start_tls
    with map_exceptions(exc_map):
  File "/usr/lib/python3.11/contextlib.py", line 155, in __exit__
    self.gen.throw(typ, value, traceback)
  File "/home/ubuntu/telegram_project/venv/lib/python3.11/site-packages/httpcore/_exceptions.py", line 14, in map_exceptions
    raise to_exc(exc) from exc
httpcore.ConnectError: TLS/SSL connection has been closed (EOF) (_ssl.c:992)

The above exception was the direct cause of the following exception:

Traceback (most recent call last):
  File "/home/ubuntu/telegram_project/venv/lib/python3.11/site-packages/telegram/request/_httpxrequest.py", line 293, in do_request
    res = await self._client.request(
          ^^^^^^^^^^^^^^^^^^^^^^^^^^^
  File "/home/ubuntu/telegram_project/venv/lib/python3.11/site-packages/httpx/_client.py", line 1540, in request
    return await self.send(request, auth=auth, follow_redirects=follow_redirects)
           ^^^^^^^^^^^^^^^^^^^^^^^^^^^^^^^^^^^^^^^^^^^^^^^^^^^^^^^^^^^^^^^^^^^^^^
  File "/home/ubuntu/telegram_project/venv/lib/python3.11/site-packages/httpx/_client.py", line 1629, in send
    response = await self._send_handling_auth(
               ^^^^^^^^^^^^^^^^^^^^^^^^^^^^^^^
  File "/home/ubuntu/telegram_project/venv/lib/python3.11/site-packages/httpx/_client.py", line 1657, in _send_handling_auth
    response = await self._send_handling_redirects(
               ^^^^^^^^^^^^^^^^^^^^^^^^^^^^^^^^^^^^
  File "/home/ubuntu/telegram_project/venv/lib/python3.11/site-packages/httpx/_client.py", line 1694, in _send_handling_redirects
    response = await self._send_single_request(request)
               ^^^^^^^^^^^^^^^^^^^^^^^^^^^^^^^^^^^^^^^^
  File "/home/ubuntu/telegram_project/venv/lib/python3.11/site-packages/httpx/_client.py", line 1730, in _send_single_request
    response = await transport.handle_async_request(request)
               ^^^^^^^^^^^^^^^^^^^^^^^^^^^^^^^^^^^^^^^^^^^^^
  File "/home/ubuntu/telegram_project/venv/lib/python3.11/site-packages/httpx/_transports/default.py", line 393, in handle_async_request
    with map_httpcore_exceptions():
  File "/usr/lib/python3.11/contextlib.py", line 155, in __exit__
    self.gen.throw(typ, value, traceback)
  File "/home/ubuntu/telegram_project/venv/lib/python3.11/site-packages/httpx/_transports/default.py", line 118, in map_httpcore_exceptions
    raise mapped_exc(message) from exc
httpx.ConnectError: TLS/SSL connection has been closed (EOF) (_ssl.c:992)

The above exception was the direct cause of the following exception:

Traceback (most recent call last):
  File "/home/ubuntu/telegram_project/venv/lib/python3.11/site-packages/telegram/ext/_utils/networkloop.py", line 115, in network_retry_loop
    if not await do_action():
           ^^^^^^^^^^^^^^^^^
  File "/home/ubuntu/telegram_project/venv/lib/python3.11/site-packages/telegram/ext/_utils/networkloop.py", line 108, in do_action
    return action_cb_task.result()
           ^^^^^^^^^^^^^^^^^^^^^^^
  File "/home/ubuntu/telegram_project/venv/lib/python3.11/site-packages/telegram/ext/_updater.py", line 376, in polling_action_cb
    updates = await self.bot.get_updates(
              ^^^^^^^^^^^^^^^^^^^^^^^^^^^
  File "/home/ubuntu/telegram_project/venv/lib/python3.11/site-packages/telegram/ext/_extbot.py", line 658, in get_updates
    updates = await super().get_updates(
              ^^^^^^^^^^^^^^^^^^^^^^^^^^
  File "/home/ubuntu/telegram_project/venv/lib/python3.11/site-packages/telegram/_bot.py", line 4605, in get_updates
    await self._post(
  File "/home/ubuntu/telegram_project/venv/lib/python3.11/site-packages/telegram/_bot.py", line 691, in _post
    return await self._do_post(
           ^^^^^^^^^^^^^^^^^^^^
  File "/home/ubuntu/telegram_project/venv/lib/python3.11/site-packages/telegram/ext/_extbot.py", line 362, in _do_post
    return await super()._do_post(
           ^^^^^^^^^^^^^^^^^^^^^^^
  File "/home/ubuntu/telegram_project/venv/lib/python3.11/site-packages/telegram/_bot.py", line 720, in _do_post
    result = await request.post(
             ^^^^^^^^^^^^^^^^^^^
  File "/home/ubuntu/telegram_project/venv/lib/python3.11/site-packages/telegram/request/_baserequest.py", line 202, in post
    result = await self._request_wrapper(
             ^^^^^^^^^^^^^^^^^^^^^^^^^^^^
  File "/home/ubuntu/telegram_project/venv/lib/python3.11/site-packages/telegram/request/_baserequest.py", line 334, in _request_wrapper
    code, payload = await self.do_request(
                    ^^^^^^^^^^^^^^^^^^^^^^
  File "/home/ubuntu/telegram_project/venv/lib/python3.11/site-packages/telegram/request/_httpxrequest.py", line 317, in do_request
    raise NetworkError(f"httpx.{err.__class__.__name__}: {err}") from err
telegram.error.NetworkError: httpx.ConnectError: TLS/SSL connection has been closed (EOF) (_ssl.c:992)
2025-12-27 08:30:14,181 | ERROR | telegram.ext.Updater | Exception happened while polling for updates.
Traceback (most recent call last):
  File "/home/ubuntu/telegram_project/venv/lib/python3.11/site-packages/httpx/_transports/default.py", line 101, in map_httpcore_exceptions
    yield
  File "/home/ubuntu/telegram_project/venv/lib/python3.11/site-packages/httpx/_transports/default.py", line 394, in handle_async_request
    resp = await self._pool.handle_async_request(req)
           ^^^^^^^^^^^^^^^^^^^^^^^^^^^^^^^^^^^^^^^^^^
  File "/home/ubuntu/telegram_project/venv/lib/python3.11/site-packages/httpcore/_async/connection_pool.py", line 256, in handle_async_request
    raise exc from None
  File "/home/ubuntu/telegram_project/venv/lib/python3.11/site-packages/httpcore/_async/connection_pool.py", line 236, in handle_async_request
    response = await connection.handle_async_request(
               ^^^^^^^^^^^^^^^^^^^^^^^^^^^^^^^^^^^^^^
  File "/home/ubuntu/telegram_project/venv/lib/python3.11/site-packages/httpcore/_async/connection.py", line 101, in handle_async_request
    raise exc
  File "/home/ubuntu/telegram_project/venv/lib/python3.11/site-packages/httpcore/_async/connection.py", line 78, in handle_async_request
    stream = await self._connect(request)
             ^^^^^^^^^^^^^^^^^^^^^^^^^^^^
  File "/home/ubuntu/telegram_project/venv/lib/python3.11/site-packages/httpcore/_async/connection.py", line 156, in _connect
    stream = await stream.start_tls(**kwargs)
             ^^^^^^^^^^^^^^^^^^^^^^^^^^^^^^^^
  File "/home/ubuntu/telegram_project/venv/lib/python3.11/site-packages/httpcore/_backends/anyio.py", line 67, in start_tls
    with map_exceptions(exc_map):
  File "/usr/lib/python3.11/contextlib.py", line 155, in __exit__
    self.gen.throw(typ, value, traceback)
  File "/home/ubuntu/telegram_project/venv/lib/python3.11/site-packages/httpcore/_exceptions.py", line 14, in map_exceptions
    raise to_exc(exc) from exc
httpcore.ConnectError: TLS/SSL connection has been closed (EOF) (_ssl.c:992)

The above exception was the direct cause of the following exception:

Traceback (most recent call last):
  File "/home/ubuntu/telegram_project/venv/lib/python3.11/site-packages/telegram/request/_httpxrequest.py", line 293, in do_request
    res = await self._client.request(
          ^^^^^^^^^^^^^^^^^^^^^^^^^^^
  File "/home/ubuntu/telegram_project/venv/lib/python3.11/site-packages/httpx/_client.py", line 1540, in request
    return await self.send(request, auth=auth, follow_redirects=follow_redirects)
           ^^^^^^^^^^^^^^^^^^^^^^^^^^^^^^^^^^^^^^^^^^^^^^^^^^^^^^^^^^^^^^^^^^^^^^
  File "/home/ubuntu/telegram_project/venv/lib/python3.11/site-packages/httpx/_client.py", line 1629, in send
    response = await self._send_handling_auth(
               ^^^^^^^^^^^^^^^^^^^^^^^^^^^^^^^
  File "/home/ubuntu/telegram_project/venv/lib/python3.11/site-packages/httpx/_client.py", line 1657, in _send_handling_auth
    response = await self._send_handling_redirects(
               ^^^^^^^^^^^^^^^^^^^^^^^^^^^^^^^^^^^^
  File "/home/ubuntu/telegram_project/venv/lib/python3.11/site-packages/httpx/_client.py", line 1694, in _send_handling_redirects
    response = await self._send_single_request(request)
               ^^^^^^^^^^^^^^^^^^^^^^^^^^^^^^^^^^^^^^^^
  File "/home/ubuntu/telegram_project/venv/lib/python3.11/site-packages/httpx/_client.py", line 1730, in _send_single_request
    response = await transport.handle_async_request(request)
               ^^^^^^^^^^^^^^^^^^^^^^^^^^^^^^^^^^^^^^^^^^^^^
  File "/home/ubuntu/telegram_project/venv/lib/python3.11/site-packages/httpx/_transports/default.py", line 393, in handle_async_request
    with map_httpcore_exceptions():
  File "/usr/lib/python3.11/contextlib.py", line 155, in __exit__
    self.gen.throw(typ, value, traceback)
  File "/home/ubuntu/telegram_project/venv/lib/python3.11/site-packages/httpx/_transports/default.py", line 118, in map_httpcore_exceptions
    raise mapped_exc(message) from exc
httpx.ConnectError: TLS/SSL connection has been closed (EOF) (_ssl.c:992)

The above exception was the direct cause of the following exception:

Traceback (most recent call last):
  File "/home/ubuntu/telegram_project/venv/lib/python3.11/site-packages/telegram/ext/_utils/networkloop.py", line 115, in network_retry_loop
    if not await do_action():
           ^^^^^^^^^^^^^^^^^
  File "/home/ubuntu/telegram_project/venv/lib/python3.11/site-packages/telegram/ext/_utils/networkloop.py", line 108, in do_action
    return action_cb_task.result()
           ^^^^^^^^^^^^^^^^^^^^^^^
  File "/home/ubuntu/telegram_project/venv/lib/python3.11/site-packages/telegram/ext/_updater.py", line 376, in polling_action_cb
    updates = await self.bot.get_updates(
              ^^^^^^^^^^^^^^^^^^^^^^^^^^^
  File "/home/ubuntu/telegram_project/venv/lib/python3.11/site-packages/telegram/ext/_extbot.py", line 658, in get_updates
    updates = await super().get_updates(
              ^^^^^^^^^^^^^^^^^^^^^^^^^^
  File "/home/ubuntu/telegram_project/venv/lib/python3.11/site-packages/telegram/_bot.py", line 4605, in get_updates
    await self._post(
  File "/home/ubuntu/telegram_project/venv/lib/python3.11/site-packages/telegram/_bot.py", line 691, in _post
    return await self._do_post(
           ^^^^^^^^^^^^^^^^^^^^
  File "/home/ubuntu/telegram_project/venv/lib/python3.11/site-packages/telegram/ext/_extbot.py", line 362, in _do_post
    return await super()._do_post(
           ^^^^^^^^^^^^^^^^^^^^^^^
  File "/home/ubuntu/telegram_project/venv/lib/python3.11/site-packages/telegram/_bot.py", line 720, in _do_post
    result = await request.post(
             ^^^^^^^^^^^^^^^^^^^
  File "/home/ubuntu/telegram_project/venv/lib/python3.11/site-packages/telegram/request/_baserequest.py", line 202, in post
    result = await self._request_wrapper(
             ^^^^^^^^^^^^^^^^^^^^^^^^^^^^
  File "/home/ubuntu/telegram_project/venv/lib/python3.11/site-packages/telegram/request/_baserequest.py", line 334, in _request_wrapper
    code, payload = await self.do_request(
                    ^^^^^^^^^^^^^^^^^^^^^^
  File "/home/ubuntu/telegram_project/venv/lib/python3.11/site-packages/telegram/request/_httpxrequest.py", line 317, in do_request
    raise NetworkError(f"httpx.{err.__class__.__name__}: {err}") from err
telegram.error.NetworkError: httpx.ConnectError: TLS/SSL connection has been closed (EOF) (_ssl.c:992)
2025-12-27 08:30:31,505 | INFO | httpx | HTTP Request: POST https://api.telegram.org/bot2123990609:AAF0MTb658CD15pPwAFWTsMesXMLiykRRNk/getUpdates "HTTP/1.1 200 OK"
2025-12-27 08:30:42,434 | INFO | httpx | HTTP Request: POST https://api.telegram.org/bot2123990609:AAF0MTb658CD15pPwAFWTsMesXMLiykRRNk/getUpdates "HTTP/1.1 200 OK"
2025-12-27 08:30:56,717 | INFO | httpx | HTTP Request: POST https://api.telegram.org/bot2123990609:AAF0MTb658CD15pPwAFWTsMesXMLiykRRNk/getUpdates "HTTP/1.1 200 OK"
2025-12-27 08:31:09,919 | INFO | httpx | HTTP Request: POST https://api.telegram.org/bot2123990609:AAF0MTb658CD15pPwAFWTsMesXMLiykRRNk/getUpdates "HTTP/1.1 200 OK"
2025-12-27 08:31:21,971 | INFO | httpx | HTTP Request: POST https://api.telegram.org/bot2123990609:AAF0MTb658CD15pPwAFWTsMesXMLiykRRNk/getUpdates "HTTP/1.1 200 OK"
2025-12-27 08:31:41,995 | ERROR | telegram.ext.Updater | Exception happened while polling for updates.
Traceback (most recent call last):
  File "/home/ubuntu/telegram_project/venv/lib/python3.11/site-packages/httpx/_transports/default.py", line 101, in map_httpcore_exceptions
    yield
  File "/home/ubuntu/telegram_project/venv/lib/python3.11/site-packages/httpx/_transports/default.py", line 394, in handle_async_request
    resp = await self._pool.handle_async_request(req)
           ^^^^^^^^^^^^^^^^^^^^^^^^^^^^^^^^^^^^^^^^^^
  File "/home/ubuntu/telegram_project/venv/lib/python3.11/site-packages/httpcore/_async/connection_pool.py", line 256, in handle_async_request
    raise exc from None
  File "/home/ubuntu/telegram_project/venv/lib/python3.11/site-packages/httpcore/_async/connection_pool.py", line 236, in handle_async_request
    response = await connection.handle_async_request(
               ^^^^^^^^^^^^^^^^^^^^^^^^^^^^^^^^^^^^^^
  File "/home/ubuntu/telegram_project/venv/lib/python3.11/site-packages/httpcore/_async/connection.py", line 101, in handle_async_request
    raise exc
  File "/home/ubuntu/telegram_project/venv/lib/python3.11/site-packages/httpcore/_async/connection.py", line 78, in handle_async_request
    stream = await self._connect(request)
             ^^^^^^^^^^^^^^^^^^^^^^^^^^^^
  File "/home/ubuntu/telegram_project/venv/lib/python3.11/site-packages/httpcore/_async/connection.py", line 156, in _connect
    stream = await stream.start_tls(**kwargs)
             ^^^^^^^^^^^^^^^^^^^^^^^^^^^^^^^^
  File "/home/ubuntu/telegram_project/venv/lib/python3.11/site-packages/httpcore/_backends/anyio.py", line 67, in start_tls
    with map_exceptions(exc_map):
  File "/usr/lib/python3.11/contextlib.py", line 155, in __exit__
    self.gen.throw(typ, value, traceback)
  File "/home/ubuntu/telegram_project/venv/lib/python3.11/site-packages/httpcore/_exceptions.py", line 14, in map_exceptions
    raise to_exc(exc) from exc
httpcore.ConnectError: TLS/SSL connection has been closed (EOF) (_ssl.c:992)

The above exception was the direct cause of the following exception:

Traceback (most recent call last):
  File "/home/ubuntu/telegram_project/venv/lib/python3.11/site-packages/telegram/request/_httpxrequest.py", line 293, in do_request
    res = await self._client.request(
          ^^^^^^^^^^^^^^^^^^^^^^^^^^^
  File "/home/ubuntu/telegram_project/venv/lib/python3.11/site-packages/httpx/_client.py", line 1540, in request
    return await self.send(request, auth=auth, follow_redirects=follow_redirects)
           ^^^^^^^^^^^^^^^^^^^^^^^^^^^^^^^^^^^^^^^^^^^^^^^^^^^^^^^^^^^^^^^^^^^^^^
  File "/home/ubuntu/telegram_project/venv/lib/python3.11/site-packages/httpx/_client.py", line 1629, in send
    response = await self._send_handling_auth(
               ^^^^^^^^^^^^^^^^^^^^^^^^^^^^^^^
  File "/home/ubuntu/telegram_project/venv/lib/python3.11/site-packages/httpx/_client.py", line 1657, in _send_handling_auth
    response = await self._send_handling_redirects(
               ^^^^^^^^^^^^^^^^^^^^^^^^^^^^^^^^^^^^
  File "/home/ubuntu/telegram_project/venv/lib/python3.11/site-packages/httpx/_client.py", line 1694, in _send_handling_redirects
    response = await self._send_single_request(request)
               ^^^^^^^^^^^^^^^^^^^^^^^^^^^^^^^^^^^^^^^^
  File "/home/ubuntu/telegram_project/venv/lib/python3.11/site-packages/httpx/_client.py", line 1730, in _send_single_request
    response = await transport.handle_async_request(request)
               ^^^^^^^^^^^^^^^^^^^^^^^^^^^^^^^^^^^^^^^^^^^^^
  File "/home/ubuntu/telegram_project/venv/lib/python3.11/site-packages/httpx/_transports/default.py", line 393, in handle_async_request
    with map_httpcore_exceptions():
  File "/usr/lib/python3.11/contextlib.py", line 155, in __exit__
    self.gen.throw(typ, value, traceback)
  File "/home/ubuntu/telegram_project/venv/lib/python3.11/site-packages/httpx/_transports/default.py", line 118, in map_httpcore_exceptions
    raise mapped_exc(message) from exc
httpx.ConnectError: TLS/SSL connection has been closed (EOF) (_ssl.c:992)

The above exception was the direct cause of the following exception:

Traceback (most recent call last):
  File "/home/ubuntu/telegram_project/venv/lib/python3.11/site-packages/telegram/ext/_utils/networkloop.py", line 115, in network_retry_loop
    if not await do_action():
           ^^^^^^^^^^^^^^^^^
  File "/home/ubuntu/telegram_project/venv/lib/python3.11/site-packages/telegram/ext/_utils/networkloop.py", line 108, in do_action
    return action_cb_task.result()
           ^^^^^^^^^^^^^^^^^^^^^^^
  File "/home/ubuntu/telegram_project/venv/lib/python3.11/site-packages/telegram/ext/_updater.py", line 376, in polling_action_cb
    updates = await self.bot.get_updates(
              ^^^^^^^^^^^^^^^^^^^^^^^^^^^
  File "/home/ubuntu/telegram_project/venv/lib/python3.11/site-packages/telegram/ext/_extbot.py", line 658, in get_updates
    updates = await super().get_updates(
              ^^^^^^^^^^^^^^^^^^^^^^^^^^
  File "/home/ubuntu/telegram_project/venv/lib/python3.11/site-packages/telegram/_bot.py", line 4605, in get_updates
    await self._post(
  File "/home/ubuntu/telegram_project/venv/lib/python3.11/site-packages/telegram/_bot.py", line 691, in _post
    return await self._do_post(
           ^^^^^^^^^^^^^^^^^^^^
  File "/home/ubuntu/telegram_project/venv/lib/python3.11/site-packages/telegram/ext/_extbot.py", line 362, in _do_post
    return await super()._do_post(
           ^^^^^^^^^^^^^^^^^^^^^^^
  File "/home/ubuntu/telegram_project/venv/lib/python3.11/site-packages/telegram/_bot.py", line 720, in _do_post
    result = await request.post(
             ^^^^^^^^^^^^^^^^^^^
  File "/home/ubuntu/telegram_project/venv/lib/python3.11/site-packages/telegram/request/_baserequest.py", line 202, in post
    result = await self._request_wrapper(
             ^^^^^^^^^^^^^^^^^^^^^^^^^^^^
  File "/home/ubuntu/telegram_project/venv/lib/python3.11/site-packages/telegram/request/_baserequest.py", line 334, in _request_wrapper
    code, payload = await self.do_request(
                    ^^^^^^^^^^^^^^^^^^^^^^
  File "/home/ubuntu/telegram_project/venv/lib/python3.11/site-packages/telegram/request/_httpxrequest.py", line 317, in do_request
    raise NetworkError(f"httpx.{err.__class__.__name__}: {err}") from err
telegram.error.NetworkError: httpx.ConnectError: TLS/SSL connection has been closed (EOF) (_ssl.c:992)
2025-12-27 08:32:03,501 | INFO | httpx | HTTP Request: POST https://api.telegram.org/bot2123990609:AAF0MTb658CD15pPwAFWTsMesXMLiykRRNk/getUpdates "HTTP/1.1 200 OK"
2025-12-27 08:32:13,663 | INFO | httpx | HTTP Request: POST https://api.telegram.org/bot2123990609:AAF0MTb658CD15pPwAFWTsMesXMLiykRRNk/getUpdates "HTTP/1.1 200 OK"
2025-12-27 08:32:23,826 | INFO | httpx | HTTP Request: POST https://api.telegram.org/bot2123990609:AAF0MTb658CD15pPwAFWTsMesXMLiykRRNk/getUpdates "HTTP/1.1 200 OK"
2025-12-27 08:32:33,990 | INFO | httpx | HTTP Request: POST https://api.telegram.org/bot2123990609:AAF0MTb658CD15pPwAFWTsMesXMLiykRRNk/getUpdates "HTTP/1.1 200 OK"
2025-12-27 08:32:44,152 | INFO | httpx | HTTP Request: POST https://api.telegram.org/bot2123990609:AAF0MTb658CD15pPwAFWTsMesXMLiykRRNk/getUpdates "HTTP/1.1 200 OK"
2025-12-27 08:32:54,315 | INFO | httpx | HTTP Request: POST https://api.telegram.org/bot2123990609:AAF0MTb658CD15pPwAFWTsMesXMLiykRRNk/getUpdates "HTTP/1.1 200 OK"
2025-12-27 08:33:04,478 | INFO | httpx | HTTP Request: POST https://api.telegram.org/bot2123990609:AAF0MTb658CD15pPwAFWTsMesXMLiykRRNk/getUpdates "HTTP/1.1 200 OK"
2025-12-27 08:33:14,645 | INFO | httpx | HTTP Request: POST https://api.telegram.org/bot2123990609:AAF0MTb658CD15pPwAFWTsMesXMLiykRRNk/getUpdates "HTTP/1.1 200 OK"
2025-12-27 08:33:24,814 | INFO | httpx | HTTP Request: POST https://api.telegram.org/bot2123990609:AAF0MTb658CD15pPwAFWTsMesXMLiykRRNk/getUpdates "HTTP/1.1 200 OK"
2025-12-27 08:33:34,975 | INFO | httpx | HTTP Request: POST https://api.telegram.org/bot2123990609:AAF0MTb658CD15pPwAFWTsMesXMLiykRRNk/getUpdates "HTTP/1.1 200 OK"
2025-12-27 08:33:45,137 | INFO | httpx | HTTP Request: POST https://api.telegram.org/bot2123990609:AAF0MTb658CD15pPwAFWTsMesXMLiykRRNk/getUpdates "HTTP/1.1 200 OK"
2025-12-27 08:33:55,317 | INFO | httpx | HTTP Request: POST https://api.telegram.org/bot2123990609:AAF0MTb658CD15pPwAFWTsMesXMLiykRRNk/getUpdates "HTTP/1.1 200 OK"
2025-12-27 08:34:05,480 | INFO | httpx | HTTP Request: POST https://api.telegram.org/bot2123990609:AAF0MTb658CD15pPwAFWTsMesXMLiykRRNk/getUpdates "HTTP/1.1 200 OK"
2025-12-27 08:34:15,649 | INFO | httpx | HTTP Request: POST https://api.telegram.org/bot2123990609:AAF0MTb658CD15pPwAFWTsMesXMLiykRRNk/getUpdates "HTTP/1.1 200 OK"
2025-12-27 08:34:25,809 | INFO | httpx | HTTP Request: POST https://api.telegram.org/bot2123990609:AAF0MTb658CD15pPwAFWTsMesXMLiykRRNk/getUpdates "HTTP/1.1 200 OK"
2025-12-27 08:34:35,984 | INFO | httpx | HTTP Request: POST https://api.telegram.org/bot2123990609:AAF0MTb658CD15pPwAFWTsMesXMLiykRRNk/getUpdates "HTTP/1.1 200 OK"
2025-12-27 08:34:46,145 | INFO | httpx | HTTP Request: POST https://api.telegram.org/bot2123990609:AAF0MTb658CD15pPwAFWTsMesXMLiykRRNk/getUpdates "HTTP/1.1 200 OK"
2025-12-27 08:34:56,354 | INFO | httpx | HTTP Request: POST https://api.telegram.org/bot2123990609:AAF0MTb658CD15pPwAFWTsMesXMLiykRRNk/getUpdates "HTTP/1.1 200 OK"
2025-12-27 08:35:06,518 | INFO | httpx | HTTP Request: POST https://api.telegram.org/bot2123990609:AAF0MTb658CD15pPwAFWTsMesXMLiykRRNk/getUpdates "HTTP/1.1 200 OK"
2025-12-27 08:35:16,685 | INFO | httpx | HTTP Request: POST https://api.telegram.org/bot2123990609:AAF0MTb658CD15pPwAFWTsMesXMLiykRRNk/getUpdates "HTTP/1.1 200 OK"
2025-12-27 08:35:26,850 | INFO | httpx | HTTP Request: POST https://api.telegram.org/bot2123990609:AAF0MTb658CD15pPwAFWTsMesXMLiykRRNk/getUpdates "HTTP/1.1 200 OK"
2025-12-27 08:35:37,014 | INFO | httpx | HTTP Request: POST https://api.telegram.org/bot2123990609:AAF0MTb658CD15pPwAFWTsMesXMLiykRRNk/getUpdates "HTTP/1.1 200 OK"
2025-12-27 08:35:47,176 | INFO | httpx | HTTP Request: POST https://api.telegram.org/bot2123990609:AAF0MTb658CD15pPwAFWTsMesXMLiykRRNk/getUpdates "HTTP/1.1 200 OK"
2025-12-27 08:35:57,338 | INFO | httpx | HTTP Request: POST https://api.telegram.org/bot2123990609:AAF0MTb658CD15pPwAFWTsMesXMLiykRRNk/getUpdates "HTTP/1.1 200 OK"
2025-12-27 08:36:07,501 | INFO | httpx | HTTP Request: POST https://api.telegram.org/bot2123990609:AAF0MTb658CD15pPwAFWTsMesXMLiykRRNk/getUpdates "HTTP/1.1 200 OK"
2025-12-27 08:36:17,665 | INFO | httpx | HTTP Request: POST https://api.telegram.org/bot2123990609:AAF0MTb658CD15pPwAFWTsMesXMLiykRRNk/getUpdates "HTTP/1.1 200 OK"
2025-12-27 08:36:27,834 | INFO | httpx | HTTP Request: POST https://api.telegram.org/bot2123990609:AAF0MTb658CD15pPwAFWTsMesXMLiykRRNk/getUpdates "HTTP/1.1 200 OK"
2025-12-27 08:36:37,999 | INFO | httpx | HTTP Request: POST https://api.telegram.org/bot2123990609:AAF0MTb658CD15pPwAFWTsMesXMLiykRRNk/getUpdates "HTTP/1.1 200 OK"
2025-12-27 08:36:48,164 | INFO | httpx | HTTP Request: POST https://api.telegram.org/bot2123990609:AAF0MTb658CD15pPwAFWTsMesXMLiykRRNk/getUpdates "HTTP/1.1 200 OK"
2025-12-27 08:36:58,328 | INFO | httpx | HTTP Request: POST https://api.telegram.org/bot2123990609:AAF0MTb658CD15pPwAFWTsMesXMLiykRRNk/getUpdates "HTTP/1.1 200 OK"
2025-12-27 08:37:08,493 | INFO | httpx | HTTP Request: POST https://api.telegram.org/bot2123990609:AAF0MTb658CD15pPwAFWTsMesXMLiykRRNk/getUpdates "HTTP/1.1 200 OK"
2025-12-27 08:37:18,660 | INFO | httpx | HTTP Request: POST https://api.telegram.org/bot2123990609:AAF0MTb658CD15pPwAFWTsMesXMLiykRRNk/getUpdates "HTTP/1.1 200 OK"
2025-12-27 08:37:28,821 | INFO | httpx | HTTP Request: POST https://api.telegram.org/bot2123990609:AAF0MTb658CD15pPwAFWTsMesXMLiykRRNk/getUpdates "HTTP/1.1 200 OK"
2025-12-27 08:37:39,154 | INFO | httpx | HTTP Request: POST https://api.telegram.org/bot2123990609:AAF0MTb658CD15pPwAFWTsMesXMLiykRRNk/getUpdates "HTTP/1.1 200 OK"
2025-12-27 08:37:49,318 | INFO | httpx | HTTP Request: POST https://api.telegram.org/bot2123990609:AAF0MTb658CD15pPwAFWTsMesXMLiykRRNk/getUpdates "HTTP/1.1 200 OK"
2025-12-27 08:37:59,487 | INFO | httpx | HTTP Request: POST https://api.telegram.org/bot2123990609:AAF0MTb658CD15pPwAFWTsMesXMLiykRRNk/getUpdates "HTTP/1.1 200 OK"
2025-12-27 08:38:09,650 | INFO | httpx | HTTP Request: POST https://api.telegram.org/bot2123990609:AAF0MTb658CD15pPwAFWTsMesXMLiykRRNk/getUpdates "HTTP/1.1 200 OK"
2025-12-27 08:38:19,813 | INFO | httpx | HTTP Request: POST https://api.telegram.org/bot2123990609:AAF0MTb658CD15pPwAFWTsMesXMLiykRRNk/getUpdates "HTTP/1.1 200 OK"
2025-12-27 08:38:29,977 | INFO | httpx | HTTP Request: POST https://api.telegram.org/bot2123990609:AAF0MTb658CD15pPwAFWTsMesXMLiykRRNk/getUpdates "HTTP/1.1 200 OK"
2025-12-27 08:38:40,137 | INFO | httpx | HTTP Request: POST https://api.telegram.org/bot2123990609:AAF0MTb658CD15pPwAFWTsMesXMLiykRRNk/getUpdates "HTTP/1.1 200 OK"
2025-12-27 08:38:50,303 | INFO | httpx | HTTP Request: POST https://api.telegram.org/bot2123990609:AAF0MTb658CD15pPwAFWTsMesXMLiykRRNk/getUpdates "HTTP/1.1 200 OK"
2025-12-27 08:39:00,467 | INFO | httpx | HTTP Request: POST https://api.telegram.org/bot2123990609:AAF0MTb658CD15pPwAFWTsMesXMLiykRRNk/getUpdates "HTTP/1.1 200 OK"
2025-12-27 08:39:10,628 | INFO | httpx | HTTP Request: POST https://api.telegram.org/bot2123990609:AAF0MTb658CD15pPwAFWTsMesXMLiykRRNk/getUpdates "HTTP/1.1 200 OK"
2025-12-27 08:39:20,794 | INFO | httpx | HTTP Request: POST https://api.telegram.org/bot2123990609:AAF0MTb658CD15pPwAFWTsMesXMLiykRRNk/getUpdates "HTTP/1.1 200 OK"
2025-12-27 08:39:30,973 | INFO | httpx | HTTP Request: POST https://api.telegram.org/bot2123990609:AAF0MTb658CD15pPwAFWTsMesXMLiykRRNk/getUpdates "HTTP/1.1 200 OK"
2025-12-27 08:39:41,136 | INFO | httpx | HTTP Request: POST https://api.telegram.org/bot2123990609:AAF0MTb658CD15pPwAFWTsMesXMLiykRRNk/getUpdates "HTTP/1.1 200 OK"
2025-12-27 08:39:51,297 | INFO | httpx | HTTP Request: POST https://api.telegram.org/bot2123990609:AAF0MTb658CD15pPwAFWTsMesXMLiykRRNk/getUpdates "HTTP/1.1 200 OK"
2025-12-27 08:40:01,462 | INFO | httpx | HTTP Request: POST https://api.telegram.org/bot2123990609:AAF0MTb658CD15pPwAFWTsMesXMLiykRRNk/getUpdates "HTTP/1.1 200 OK"
2025-12-27 08:40:11,624 | INFO | httpx | HTTP Request: POST https://api.telegram.org/bot2123990609:AAF0MTb658CD15pPwAFWTsMesXMLiykRRNk/getUpdates "HTTP/1.1 200 OK"
2025-12-27 08:40:21,789 | INFO | httpx | HTTP Request: POST https://api.telegram.org/bot2123990609:AAF0MTb658CD15pPwAFWTsMesXMLiykRRNk/getUpdates "HTTP/1.1 200 OK"
2025-12-27 08:40:31,954 | INFO | httpx | HTTP Request: POST https://api.telegram.org/bot2123990609:AAF0MTb658CD15pPwAFWTsMesXMLiykRRNk/getUpdates "HTTP/1.1 200 OK"
2025-12-27 08:40:42,117 | INFO | httpx | HTTP Request: POST https://api.telegram.org/bot2123990609:AAF0MTb658CD15pPwAFWTsMesXMLiykRRNk/getUpdates "HTTP/1.1 200 OK"
2025-12-27 08:40:52,302 | INFO | httpx | HTTP Request: POST https://api.telegram.org/bot2123990609:AAF0MTb658CD15pPwAFWTsMesXMLiykRRNk/getUpdates "HTTP/1.1 200 OK"
2025-12-27 08:41:02,463 | INFO | httpx | HTTP Request: POST https://api.telegram.org/bot2123990609:AAF0MTb658CD15pPwAFWTsMesXMLiykRRNk/getUpdates "HTTP/1.1 200 OK"
2025-12-27 08:41:12,633 | INFO | httpx | HTTP Request: POST https://api.telegram.org/bot2123990609:AAF0MTb658CD15pPwAFWTsMesXMLiykRRNk/getUpdates "HTTP/1.1 200 OK"
2025-12-27 08:41:22,796 | INFO | httpx | HTTP Request: POST https://api.telegram.org/bot2123990609:AAF0MTb658CD15pPwAFWTsMesXMLiykRRNk/getUpdates "HTTP/1.1 200 OK"
2025-12-27 08:41:32,961 | INFO | httpx | HTTP Request: POST https://api.telegram.org/bot2123990609:AAF0MTb658CD15pPwAFWTsMesXMLiykRRNk/getUpdates "HTTP/1.1 200 OK"
2025-12-27 08:41:43,125 | INFO | httpx | HTTP Request: POST https://api.telegram.org/bot2123990609:AAF0MTb658CD15pPwAFWTsMesXMLiykRRNk/getUpdates "HTTP/1.1 200 OK"
2025-12-27 08:41:53,290 | INFO | httpx | HTTP Request: POST https://api.telegram.org/bot2123990609:AAF0MTb658CD15pPwAFWTsMesXMLiykRRNk/getUpdates "HTTP/1.1 200 OK"
2025-12-27 08:42:03,456 | INFO | httpx | HTTP Request: POST https://api.telegram.org/bot2123990609:AAF0MTb658CD15pPwAFWTsMesXMLiykRRNk/getUpdates "HTTP/1.1 200 OK"
2025-12-27 08:42:13,619 | INFO | httpx | HTTP Request: POST https://api.telegram.org/bot2123990609:AAF0MTb658CD15pPwAFWTsMesXMLiykRRNk/getUpdates "HTTP/1.1 200 OK"
2025-12-27 08:42:23,798 | INFO | httpx | HTTP Request: POST https://api.telegram.org/bot2123990609:AAF0MTb658CD15pPwAFWTsMesXMLiykRRNk/getUpdates "HTTP/1.1 200 OK"
2025-12-27 08:42:33,962 | INFO | httpx | HTTP Request: POST https://api.telegram.org/bot2123990609:AAF0MTb658CD15pPwAFWTsMesXMLiykRRNk/getUpdates "HTTP/1.1 200 OK"
2025-12-27 08:42:44,126 | INFO | httpx | HTTP Request: POST https://api.telegram.org/bot2123990609:AAF0MTb658CD15pPwAFWTsMesXMLiykRRNk/getUpdates "HTTP/1.1 200 OK"
2025-12-27 08:42:54,304 | INFO | httpx | HTTP Request: POST https://api.telegram.org/bot2123990609:AAF0MTb658CD15pPwAFWTsMesXMLiykRRNk/getUpdates "HTTP/1.1 200 OK"
2025-12-27 08:43:04,468 | INFO | httpx | HTTP Request: POST https://api.telegram.org/bot2123990609:AAF0MTb658CD15pPwAFWTsMesXMLiykRRNk/getUpdates "HTTP/1.1 200 OK"
2025-12-27 08:43:14,636 | INFO | httpx | HTTP Request: POST https://api.telegram.org/bot2123990609:AAF0MTb658CD15pPwAFWTsMesXMLiykRRNk/getUpdates "HTTP/1.1 200 OK"
2025-12-27 08:43:24,799 | INFO | httpx | HTTP Request: POST https://api.telegram.org/bot2123990609:AAF0MTb658CD15pPwAFWTsMesXMLiykRRNk/getUpdates "HTTP/1.1 200 OK"
2025-12-27 08:43:34,960 | INFO | httpx | HTTP Request: POST https://api.telegram.org/bot2123990609:AAF0MTb658CD15pPwAFWTsMesXMLiykRRNk/getUpdates "HTTP/1.1 200 OK"
2025-12-27 08:43:45,121 | INFO | httpx | HTTP Request: POST https://api.telegram.org/bot2123990609:AAF0MTb658CD15pPwAFWTsMesXMLiykRRNk/getUpdates "HTTP/1.1 200 OK"
2025-12-27 08:43:55,283 | INFO | httpx | HTTP Request: POST https://api.telegram.org/bot2123990609:AAF0MTb658CD15pPwAFWTsMesXMLiykRRNk/getUpdates "HTTP/1.1 200 OK"
2025-12-27 08:44:05,452 | INFO | httpx | HTTP Request: POST https://api.telegram.org/bot2123990609:AAF0MTb658CD15pPwAFWTsMesXMLiykRRNk/getUpdates "HTTP/1.1 200 OK"
2025-12-27 08:44:15,614 | INFO | httpx | HTTP Request: POST https://api.telegram.org/bot2123990609:AAF0MTb658CD15pPwAFWTsMesXMLiykRRNk/getUpdates "HTTP/1.1 200 OK"
2025-12-27 08:44:25,776 | INFO | httpx | HTTP Request: POST https://api.telegram.org/bot2123990609:AAF0MTb658CD15pPwAFWTsMesXMLiykRRNk/getUpdates "HTTP/1.1 200 OK"
2025-12-27 08:44:35,967 | INFO | httpx | HTTP Request: POST https://api.telegram.org/bot2123990609:AAF0MTb658CD15pPwAFWTsMesXMLiykRRNk/getUpdates "HTTP/1.1 200 OK"
2025-12-27 08:44:46,131 | INFO | httpx | HTTP Request: POST https://api.telegram.org/bot2123990609:AAF0MTb658CD15pPwAFWTsMesXMLiykRRNk/getUpdates "HTTP/1.1 200 OK"
2025-12-27 08:44:56,297 | INFO | httpx | HTTP Request: POST https://api.telegram.org/bot2123990609:AAF0MTb658CD15pPwAFWTsMesXMLiykRRNk/getUpdates "HTTP/1.1 200 OK"
2025-12-27 08:45:06,462 | INFO | httpx | HTTP Request: POST https://api.telegram.org/bot2123990609:AAF0MTb658CD15pPwAFWTsMesXMLiykRRNk/getUpdates "HTTP/1.1 200 OK"
2025-12-27 08:45:16,627 | INFO | httpx | HTTP Request: POST https://api.telegram.org/bot2123990609:AAF0MTb658CD15pPwAFWTsMesXMLiykRRNk/getUpdates "HTTP/1.1 200 OK"
2025-12-27 08:45:26,793 | INFO | httpx | HTTP Request: POST https://api.telegram.org/bot2123990609:AAF0MTb658CD15pPwAFWTsMesXMLiykRRNk/getUpdates "HTTP/1.1 200 OK"
2025-12-27 08:45:36,961 | INFO | httpx | HTTP Request: POST https://api.telegram.org/bot2123990609:AAF0MTb658CD15pPwAFWTsMesXMLiykRRNk/getUpdates "HTTP/1.1 200 OK"
2025-12-27 08:45:47,124 | INFO | httpx | HTTP Request: POST https://api.telegram.org/bot2123990609:AAF0MTb658CD15pPwAFWTsMesXMLiykRRNk/getUpdates "HTTP/1.1 200 OK"
2025-12-27 08:45:57,289 | INFO | httpx | HTTP Request: POST https://api.telegram.org/bot2123990609:AAF0MTb658CD15pPwAFWTsMesXMLiykRRNk/getUpdates "HTTP/1.1 200 OK"
2025-12-27 08:46:07,454 | INFO | httpx | HTTP Request: POST https://api.telegram.org/bot2123990609:AAF0MTb658CD15pPwAFWTsMesXMLiykRRNk/getUpdates "HTTP/1.1 200 OK"
2025-12-27 08:46:17,621 | INFO | httpx | HTTP Request: POST https://api.telegram.org/bot2123990609:AAF0MTb658CD15pPwAFWTsMesXMLiykRRNk/getUpdates "HTTP/1.1 200 OK"
2025-12-27 08:46:27,783 | INFO | httpx | HTTP Request: POST https://api.telegram.org/bot2123990609:AAF0MTb658CD15pPwAFWTsMesXMLiykRRNk/getUpdates "HTTP/1.1 200 OK"
2025-12-27 08:46:37,956 | INFO | httpx | HTTP Request: POST https://api.telegram.org/bot2123990609:AAF0MTb658CD15pPwAFWTsMesXMLiykRRNk/getUpdates "HTTP/1.1 200 OK"
2025-12-27 08:46:48,121 | INFO | httpx | HTTP Request: POST https://api.telegram.org/bot2123990609:AAF0MTb658CD15pPwAFWTsMesXMLiykRRNk/getUpdates "HTTP/1.1 200 OK"
2025-12-27 08:46:58,285 | INFO | httpx | HTTP Request: POST https://api.telegram.org/bot2123990609:AAF0MTb658CD15pPwAFWTsMesXMLiykRRNk/getUpdates "HTTP/1.1 200 OK"
2025-12-27 08:47:08,465 | INFO | httpx | HTTP Request: POST https://api.telegram.org/bot2123990609:AAF0MTb658CD15pPwAFWTsMesXMLiykRRNk/getUpdates "HTTP/1.1 200 OK"
2025-12-27 08:47:18,634 | INFO | httpx | HTTP Request: POST https://api.telegram.org/bot2123990609:AAF0MTb658CD15pPwAFWTsMesXMLiykRRNk/getUpdates "HTTP/1.1 200 OK"
2025-12-27 08:47:28,796 | INFO | httpx | HTTP Request: POST https://api.telegram.org/bot2123990609:AAF0MTb658CD15pPwAFWTsMesXMLiykRRNk/getUpdates "HTTP/1.1 200 OK"
2025-12-27 08:47:38,958 | INFO | httpx | HTTP Request: POST https://api.telegram.org/bot2123990609:AAF0MTb658CD15pPwAFWTsMesXMLiykRRNk/getUpdates "HTTP/1.1 200 OK"
2025-12-27 08:47:49,122 | INFO | httpx | HTTP Request: POST https://api.telegram.org/bot2123990609:AAF0MTb658CD15pPwAFWTsMesXMLiykRRNk/getUpdates "HTTP/1.1 200 OK"
2025-12-27 08:47:59,291 | INFO | httpx | HTTP Request: POST https://api.telegram.org/bot2123990609:AAF0MTb658CD15pPwAFWTsMesXMLiykRRNk/getUpdates "HTTP/1.1 200 OK"
2025-12-27 08:48:09,455 | INFO | httpx | HTTP Request: POST https://api.telegram.org/bot2123990609:AAF0MTb658CD15pPwAFWTsMesXMLiykRRNk/getUpdates "HTTP/1.1 200 OK"
2025-12-27 08:48:19,619 | INFO | httpx | HTTP Request: POST https://api.telegram.org/bot2123990609:AAF0MTb658CD15pPwAFWTsMesXMLiykRRNk/getUpdates "HTTP/1.1 200 OK"
2025-12-27 08:48:29,783 | INFO | httpx | HTTP Request: POST https://api.telegram.org/bot2123990609:AAF0MTb658CD15pPwAFWTsMesXMLiykRRNk/getUpdates "HTTP/1.1 200 OK"
2025-12-27 08:48:39,947 | INFO | httpx | HTTP Request: POST https://api.telegram.org/bot2123990609:AAF0MTb658CD15pPwAFWTsMesXMLiykRRNk/getUpdates "HTTP/1.1 200 OK"
2025-12-27 08:48:50,109 | INFO | httpx | HTTP Request: POST https://api.telegram.org/bot2123990609:AAF0MTb658CD15pPwAFWTsMesXMLiykRRNk/getUpdates "HTTP/1.1 200 OK"
2025-12-27 08:49:02,222 | INFO | httpx | HTTP Request: POST https://api.telegram.org/bot2123990609:AAF0MTb658CD15pPwAFWTsMesXMLiykRRNk/getUpdates "HTTP/1.1 200 OK"
2025-12-27 08:49:12,977 | INFO | httpx | HTTP Request: POST https://api.telegram.org/bot2123990609:AAF0MTb658CD15pPwAFWTsMesXMLiykRRNk/getUpdates "HTTP/1.1 200 OK"
2025-12-27 08:49:23,497 | INFO | httpx | HTTP Request: POST https://api.telegram.org/bot2123990609:AAF0MTb658CD15pPwAFWTsMesXMLiykRRNk/getUpdates "HTTP/1.1 200 OK"
2025-12-27 08:49:35,995 | INFO | httpx | HTTP Request: POST https://api.telegram.org/bot2123990609:AAF0MTb658CD15pPwAFWTsMesXMLiykRRNk/getUpdates "HTTP/1.1 200 OK"
2025-12-27 08:49:49,094 | INFO | httpx | HTTP Request: POST https://api.telegram.org/bot2123990609:AAF0MTb658CD15pPwAFWTsMesXMLiykRRNk/getUpdates "HTTP/1.1 200 OK"
2025-12-27 08:50:02,797 | INFO | httpx | HTTP Request: POST https://api.telegram.org/bot2123990609:AAF0MTb658CD15pPwAFWTsMesXMLiykRRNk/getUpdates "HTTP/1.1 200 OK"
2025-12-27 08:50:13,699 | INFO | httpx | HTTP Request: POST https://api.telegram.org/bot2123990609:AAF0MTb658CD15pPwAFWTsMesXMLiykRRNk/getUpdates "HTTP/1.1 200 OK"
2025-12-27 08:50:24,271 | INFO | httpx | HTTP Request: POST https://api.telegram.org/bot2123990609:AAF0MTb658CD15pPwAFWTsMesXMLiykRRNk/getUpdates "HTTP/1.1 200 OK"
2025-12-27 08:50:34,812 | INFO | httpx | HTTP Request: POST https://api.telegram.org/bot2123990609:AAF0MTb658CD15pPwAFWTsMesXMLiykRRNk/getUpdates "HTTP/1.1 200 OK"
2025-12-27 08:50:45,496 | INFO | httpx | HTTP Request: POST https://api.telegram.org/bot2123990609:AAF0MTb658CD15pPwAFWTsMesXMLiykRRNk/getUpdates "HTTP/1.1 200 OK"
2025-12-27 08:50:56,115 | INFO | httpx | HTTP Request: POST https://api.telegram.org/bot2123990609:AAF0MTb658CD15pPwAFWTsMesXMLiykRRNk/getUpdates "HTTP/1.1 200 OK"
2025-12-27 08:51:06,726 | INFO | httpx | HTTP Request: POST https://api.telegram.org/bot2123990609:AAF0MTb658CD15pPwAFWTsMesXMLiykRRNk/getUpdates "HTTP/1.1 200 OK"
2025-12-27 08:51:17,179 | INFO | httpx | HTTP Request: POST https://api.telegram.org/bot2123990609:AAF0MTb658CD15pPwAFWTsMesXMLiykRRNk/getUpdates "HTTP/1.1 200 OK"
2025-12-27 08:51:27,649 | INFO | httpx | HTTP Request: POST https://api.telegram.org/bot2123990609:AAF0MTb658CD15pPwAFWTsMesXMLiykRRNk/getUpdates "HTTP/1.1 200 OK"
2025-12-27 08:51:38,239 | INFO | httpx | HTTP Request: POST https://api.telegram.org/bot2123990609:AAF0MTb658CD15pPwAFWTsMesXMLiykRRNk/getUpdates "HTTP/1.1 200 OK"
2025-12-27 08:51:48,689 | INFO | httpx | HTTP Request: POST https://api.telegram.org/bot2123990609:AAF0MTb658CD15pPwAFWTsMesXMLiykRRNk/getUpdates "HTTP/1.1 200 OK"
2025-12-27 08:51:59,201 | INFO | httpx | HTTP Request: POST https://api.telegram.org/bot2123990609:AAF0MTb658CD15pPwAFWTsMesXMLiykRRNk/getUpdates "HTTP/1.1 200 OK"
2025-12-27 08:52:10,596 | INFO | httpx | HTTP Request: POST https://api.telegram.org/bot2123990609:AAF0MTb658CD15pPwAFWTsMesXMLiykRRNk/getUpdates "HTTP/1.1 200 OK"
2025-12-27 08:52:22,776 | INFO | httpx | HTTP Request: POST https://api.telegram.org/bot2123990609:AAF0MTb658CD15pPwAFWTsMesXMLiykRRNk/getUpdates "HTTP/1.1 200 OK"
2025-12-27 08:52:34,872 | INFO | httpx | HTTP Request: POST https://api.telegram.org/bot2123990609:AAF0MTb658CD15pPwAFWTsMesXMLiykRRNk/getUpdates "HTTP/1.1 200 OK"
2025-12-27 08:52:46,969 | INFO | httpx | HTTP Request: POST https://api.telegram.org/bot2123990609:AAF0MTb658CD15pPwAFWTsMesXMLiykRRNk/getUpdates "HTTP/1.1 200 OK"
2025-12-27 08:53:01,653 | INFO | httpx | HTTP Request: POST https://api.telegram.org/bot2123990609:AAF0MTb658CD15pPwAFWTsMesXMLiykRRNk/getUpdates "HTTP/1.1 200 OK"
2025-12-27 08:53:15,328 | INFO | httpx | HTTP Request: POST https://api.telegram.org/bot2123990609:AAF0MTb658CD15pPwAFWTsMesXMLiykRRNk/getUpdates "HTTP/1.1 200 OK"
2025-12-27 08:53:29,829 | INFO | httpx | HTTP Request: POST https://api.telegram.org/bot2123990609:AAF0MTb658CD15pPwAFWTsMesXMLiykRRNk/getUpdates "HTTP/1.1 200 OK"
2025-12-27 08:53:43,453 | INFO | httpx | HTTP Request: POST https://api.telegram.org/bot2123990609:AAF0MTb658CD15pPwAFWTsMesXMLiykRRNk/getUpdates "HTTP/1.1 200 OK"
2025-12-27 08:54:15,107 | INFO | httpx | HTTP Request: POST https://api.telegram.org/bot2123990609:AAF0MTb658CD15pPwAFWTsMesXMLiykRRNk/getUpdates "HTTP/1.1 200 OK"
2025-12-27 08:54:27,167 | INFO | httpx | HTTP Request: POST https://api.telegram.org/bot2123990609:AAF0MTb658CD15pPwAFWTsMesXMLiykRRNk/getUpdates "HTTP/1.1 200 OK"
2025-12-27 10:22:56,027 | INFO | httpx | HTTP Request: POST https://api.telegram.org/bot2123990609:AAF0MTb658CD15pPwAFWTsMesXMLiykRRNk/getUpdates "HTTP/1.1 200 OK"
2025-12-27 10:23:06,634 | INFO | httpx | HTTP Request: POST https://api.telegram.org/bot2123990609:AAF0MTb658CD15pPwAFWTsMesXMLiykRRNk/getUpdates "HTTP/1.1 200 OK"
2025-12-27 10:23:17,573 | INFO | httpx | HTTP Request: POST https://api.telegram.org/bot2123990609:AAF0MTb658CD15pPwAFWTsMesXMLiykRRNk/getUpdates "HTTP/1.1 200 OK"
2025-12-27 10:23:28,569 | INFO | httpx | HTTP Request: POST https://api.telegram.org/bot2123990609:AAF0MTb658CD15pPwAFWTsMesXMLiykRRNk/getUpdates "HTTP/1.1 200 OK"
2025-12-27 10:23:39,175 | INFO | httpx | HTTP Request: POST https://api.telegram.org/bot2123990609:AAF0MTb658CD15pPwAFWTsMesXMLiykRRNk/getUpdates "HTTP/1.1 200 OK"
2025-12-27 10:23:49,834 | INFO | httpx | HTTP Request: POST https://api.telegram.org/bot2123990609:AAF0MTb658CD15pPwAFWTsMesXMLiykRRNk/getUpdates "HTTP/1.1 200 OK"
2025-12-27 10:24:00,683 | INFO | httpx | HTTP Request: POST https://api.telegram.org/bot2123990609:AAF0MTb658CD15pPwAFWTsMesXMLiykRRNk/getUpdates "HTTP/1.1 200 OK"
2025-12-27 10:24:11,338 | INFO | httpx | HTTP Request: POST https://api.telegram.org/bot2123990609:AAF0MTb658CD15pPwAFWTsMesXMLiykRRNk/getUpdates "HTTP/1.1 200 OK"
2025-12-27 10:24:21,985 | INFO | httpx | HTTP Request: POST https://api.telegram.org/bot2123990609:AAF0MTb658CD15pPwAFWTsMesXMLiykRRNk/getUpdates "HTTP/1.1 200 OK"
2025-12-27 10:24:32,615 | INFO | httpx | HTTP Request: POST https://api.telegram.org/bot2123990609:AAF0MTb658CD15pPwAFWTsMesXMLiykRRNk/getUpdates "HTTP/1.1 200 OK"
2025-12-27 10:24:43,285 | INFO | httpx | HTTP Request: POST https://api.telegram.org/bot2123990609:AAF0MTb658CD15pPwAFWTsMesXMLiykRRNk/getUpdates "HTTP/1.1 200 OK"
2025-12-27 10:24:53,893 | INFO | httpx | HTTP Request: POST https://api.telegram.org/bot2123990609:AAF0MTb658CD15pPwAFWTsMesXMLiykRRNk/getUpdates "HTTP/1.1 200 OK"
2025-12-27 10:25:04,715 | INFO | httpx | HTTP Request: POST https://api.telegram.org/bot2123990609:AAF0MTb658CD15pPwAFWTsMesXMLiykRRNk/getUpdates "HTTP/1.1 200 OK"
2025-12-27 10:25:15,570 | INFO | httpx | HTTP Request: POST https://api.telegram.org/bot2123990609:AAF0MTb658CD15pPwAFWTsMesXMLiykRRNk/getUpdates "HTTP/1.1 200 OK"
2025-12-27 10:25:26,183 | INFO | httpx | HTTP Request: POST https://api.telegram.org/bot2123990609:AAF0MTb658CD15pPwAFWTsMesXMLiykRRNk/getUpdates "HTTP/1.1 200 OK"
2025-12-27 10:25:36,786 | INFO | httpx | HTTP Request: POST https://api.telegram.org/bot2123990609:AAF0MTb658CD15pPwAFWTsMesXMLiykRRNk/getUpdates "HTTP/1.1 200 OK"
2025-12-27 10:25:47,397 | INFO | httpx | HTTP Request: POST https://api.telegram.org/bot2123990609:AAF0MTb658CD15pPwAFWTsMesXMLiykRRNk/getUpdates "HTTP/1.1 200 OK"
2025-12-27 10:25:58,001 | INFO | httpx | HTTP Request: POST https://api.telegram.org/bot2123990609:AAF0MTb658CD15pPwAFWTsMesXMLiykRRNk/getUpdates "HTTP/1.1 200 OK"
2025-12-27 10:26:08,609 | INFO | httpx | HTTP Request: POST https://api.telegram.org/bot2123990609:AAF0MTb658CD15pPwAFWTsMesXMLiykRRNk/getUpdates "HTTP/1.1 200 OK"
2025-12-27 10:26:19,213 | INFO | httpx | HTTP Request: POST https://api.telegram.org/bot2123990609:AAF0MTb658CD15pPwAFWTsMesXMLiykRRNk/getUpdates "HTTP/1.1 200 OK"
2025-12-27 10:26:29,813 | INFO | httpx | HTTP Request: POST https://api.telegram.org/bot2123990609:AAF0MTb658CD15pPwAFWTsMesXMLiykRRNk/getUpdates "HTTP/1.1 200 OK"
2025-12-27 10:26:40,417 | INFO | httpx | HTTP Request: POST https://api.telegram.org/bot2123990609:AAF0MTb658CD15pPwAFWTsMesXMLiykRRNk/getUpdates "HTTP/1.1 200 OK"
2025-12-27 10:26:51,017 | INFO | httpx | HTTP Request: POST https://api.telegram.org/bot2123990609:AAF0MTb658CD15pPwAFWTsMesXMLiykRRNk/getUpdates "HTTP/1.1 200 OK"
2025-12-27 10:27:01,621 | INFO | httpx | HTTP Request: POST https://api.telegram.org/bot2123990609:AAF0MTb658CD15pPwAFWTsMesXMLiykRRNk/getUpdates "HTTP/1.1 200 OK"
2025-12-27 10:27:12,229 | INFO | httpx | HTTP Request: POST https://api.telegram.org/bot2123990609:AAF0MTb658CD15pPwAFWTsMesXMLiykRRNk/getUpdates "HTTP/1.1 200 OK"
2025-12-27 10:27:22,835 | INFO | httpx | HTTP Request: POST https://api.telegram.org/bot2123990609:AAF0MTb658CD15pPwAFWTsMesXMLiykRRNk/getUpdates "HTTP/1.1 200 OK"
2025-12-27 10:27:33,452 | INFO | httpx | HTTP Request: POST https://api.telegram.org/bot2123990609:AAF0MTb658CD15pPwAFWTsMesXMLiykRRNk/getUpdates "HTTP/1.1 200 OK"
2025-12-27 10:27:44,276 | INFO | httpx | HTTP Request: POST https://api.telegram.org/bot2123990609:AAF0MTb658CD15pPwAFWTsMesXMLiykRRNk/getUpdates "HTTP/1.1 200 OK"
2025-12-27 10:27:55,200 | INFO | httpx | HTTP Request: POST https://api.telegram.org/bot2123990609:AAF0MTb658CD15pPwAFWTsMesXMLiykRRNk/getUpdates "HTTP/1.1 200 OK"
2025-12-27 10:28:05,811 | INFO | httpx | HTTP Request: POST https://api.telegram.org/bot2123990609:AAF0MTb658CD15pPwAFWTsMesXMLiykRRNk/getUpdates "HTTP/1.1 200 OK"
2025-12-27 10:28:16,414 | INFO | httpx | HTTP Request: POST https://api.telegram.org/bot2123990609:AAF0MTb658CD15pPwAFWTsMesXMLiykRRNk/getUpdates "HTTP/1.1 200 OK"
2025-12-27 10:28:27,238 | INFO | httpx | HTTP Request: POST https://api.telegram.org/bot2123990609:AAF0MTb658CD15pPwAFWTsMesXMLiykRRNk/getUpdates "HTTP/1.1 200 OK"
2025-12-27 10:28:37,851 | INFO | httpx | HTTP Request: POST https://api.telegram.org/bot2123990609:AAF0MTb658CD15pPwAFWTsMesXMLiykRRNk/getUpdates "HTTP/1.1 200 OK"
2025-12-27 10:28:48,556 | INFO | httpx | HTTP Request: POST https://api.telegram.org/bot2123990609:AAF0MTb658CD15pPwAFWTsMesXMLiykRRNk/getUpdates "HTTP/1.1 200 OK"
2025-12-27 10:28:59,179 | INFO | httpx | HTTP Request: POST https://api.telegram.org/bot2123990609:AAF0MTb658CD15pPwAFWTsMesXMLiykRRNk/getUpdates "HTTP/1.1 200 OK"
2025-12-27 10:29:09,783 | INFO | httpx | HTTP Request: POST https://api.telegram.org/bot2123990609:AAF0MTb658CD15pPwAFWTsMesXMLiykRRNk/getUpdates "HTTP/1.1 200 OK"
2025-12-27 10:29:20,606 | INFO | httpx | HTTP Request: POST https://api.telegram.org/bot2123990609:AAF0MTb658CD15pPwAFWTsMesXMLiykRRNk/getUpdates "HTTP/1.1 200 OK"
2025-12-27 10:29:31,223 | INFO | httpx | HTTP Request: POST https://api.telegram.org/bot2123990609:AAF0MTb658CD15pPwAFWTsMesXMLiykRRNk/getUpdates "HTTP/1.1 200 OK"
2025-12-27 10:29:41,838 | INFO | httpx | HTTP Request: POST https://api.telegram.org/bot2123990609:AAF0MTb658CD15pPwAFWTsMesXMLiykRRNk/getUpdates "HTTP/1.1 200 OK"
2025-12-27 10:29:52,442 | INFO | httpx | HTTP Request: POST https://api.telegram.org/bot2123990609:AAF0MTb658CD15pPwAFWTsMesXMLiykRRNk/getUpdates "HTTP/1.1 200 OK"
2025-12-27 10:30:03,186 | INFO | httpx | HTTP Request: POST https://api.telegram.org/bot2123990609:AAF0MTb658CD15pPwAFWTsMesXMLiykRRNk/getUpdates "HTTP/1.1 200 OK"
2025-12-27 10:30:13,788 | INFO | httpx | HTTP Request: POST https://api.telegram.org/bot2123990609:AAF0MTb658CD15pPwAFWTsMesXMLiykRRNk/getUpdates "HTTP/1.1 200 OK"
2025-12-27 10:30:24,703 | INFO | httpx | HTTP Request: POST https://api.telegram.org/bot2123990609:AAF0MTb658CD15pPwAFWTsMesXMLiykRRNk/getUpdates "HTTP/1.1 200 OK"
2025-12-27 10:30:35,313 | INFO | httpx | HTTP Request: POST https://api.telegram.org/bot2123990609:AAF0MTb658CD15pPwAFWTsMesXMLiykRRNk/getUpdates "HTTP/1.1 200 OK"
2025-12-27 10:30:45,920 | INFO | httpx | HTTP Request: POST https://api.telegram.org/bot2123990609:AAF0MTb658CD15pPwAFWTsMesXMLiykRRNk/getUpdates "HTTP/1.1 200 OK"
2025-12-27 10:30:56,547 | INFO | httpx | HTTP Request: POST https://api.telegram.org/bot2123990609:AAF0MTb658CD15pPwAFWTsMesXMLiykRRNk/getUpdates "HTTP/1.1 200 OK"
2025-12-27 10:31:07,172 | INFO | httpx | HTTP Request: POST https://api.telegram.org/bot2123990609:AAF0MTb658CD15pPwAFWTsMesXMLiykRRNk/getUpdates "HTTP/1.1 200 OK"
2025-12-27 10:31:17,776 | INFO | httpx | HTTP Request: POST https://api.telegram.org/bot2123990609:AAF0MTb658CD15pPwAFWTsMesXMLiykRRNk/getUpdates "HTTP/1.1 200 OK"
2025-12-27 10:31:28,600 | INFO | httpx | HTTP Request: POST https://api.telegram.org/bot2123990609:AAF0MTb658CD15pPwAFWTsMesXMLiykRRNk/getUpdates "HTTP/1.1 200 OK"
2025-12-27 10:31:39,212 | INFO | httpx | HTTP Request: POST https://api.telegram.org/bot2123990609:AAF0MTb658CD15pPwAFWTsMesXMLiykRRNk/getUpdates "HTTP/1.1 200 OK"
2025-12-27 10:31:49,818 | INFO | httpx | HTTP Request: POST https://api.telegram.org/bot2123990609:AAF0MTb658CD15pPwAFWTsMesXMLiykRRNk/getUpdates "HTTP/1.1 200 OK"
2025-12-27 10:32:00,424 | INFO | httpx | HTTP Request: POST https://api.telegram.org/bot2123990609:AAF0MTb658CD15pPwAFWTsMesXMLiykRRNk/getUpdates "HTTP/1.1 200 OK"
2025-12-27 10:32:11,033 | INFO | httpx | HTTP Request: POST https://api.telegram.org/bot2123990609:AAF0MTb658CD15pPwAFWTsMesXMLiykRRNk/getUpdates "HTTP/1.1 200 OK"
2025-12-27 10:32:21,644 | INFO | httpx | HTTP Request: POST https://api.telegram.org/bot2123990609:AAF0MTb658CD15pPwAFWTsMesXMLiykRRNk/getUpdates "HTTP/1.1 200 OK"
2025-12-27 10:32:32,280 | INFO | httpx | HTTP Request: POST https://api.telegram.org/bot2123990609:AAF0MTb658CD15pPwAFWTsMesXMLiykRRNk/getUpdates "HTTP/1.1 200 OK"
2025-12-27 10:32:42,914 | INFO | httpx | HTTP Request: POST https://api.telegram.org/bot2123990609:AAF0MTb658CD15pPwAFWTsMesXMLiykRRNk/getUpdates "HTTP/1.1 200 OK"
2025-12-27 10:32:53,552 | INFO | httpx | HTTP Request: POST https://api.telegram.org/bot2123990609:AAF0MTb658CD15pPwAFWTsMesXMLiykRRNk/getUpdates "HTTP/1.1 200 OK"
2025-12-27 10:33:04,154 | INFO | httpx | HTTP Request: POST https://api.telegram.org/bot2123990609:AAF0MTb658CD15pPwAFWTsMesXMLiykRRNk/getUpdates "HTTP/1.1 200 OK"
2025-12-27 10:33:14,789 | INFO | httpx | HTTP Request: POST https://api.telegram.org/bot2123990609:AAF0MTb658CD15pPwAFWTsMesXMLiykRRNk/getUpdates "HTTP/1.1 200 OK"
2025-12-27 10:33:25,414 | INFO | httpx | HTTP Request: POST https://api.telegram.org/bot2123990609:AAF0MTb658CD15pPwAFWTsMesXMLiykRRNk/getUpdates "HTTP/1.1 200 OK"
2025-12-27 10:33:36,290 | INFO | httpx | HTTP Request: POST https://api.telegram.org/bot2123990609:AAF0MTb658CD15pPwAFWTsMesXMLiykRRNk/getUpdates "HTTP/1.1 200 OK"
2025-12-27 10:33:46,902 | INFO | httpx | HTTP Request: POST https://api.telegram.org/bot2123990609:AAF0MTb658CD15pPwAFWTsMesXMLiykRRNk/getUpdates "HTTP/1.1 200 OK"
2025-12-27 10:33:57,511 | INFO | httpx | HTTP Request: POST https://api.telegram.org/bot2123990609:AAF0MTb658CD15pPwAFWTsMesXMLiykRRNk/getUpdates "HTTP/1.1 200 OK"
2025-12-27 10:34:08,585 | INFO | httpx | HTTP Request: POST https://api.telegram.org/bot2123990609:AAF0MTb658CD15pPwAFWTsMesXMLiykRRNk/getUpdates "HTTP/1.1 200 OK"
2025-12-27 10:34:19,188 | INFO | httpx | HTTP Request: POST https://api.telegram.org/bot2123990609:AAF0MTb658CD15pPwAFWTsMesXMLiykRRNk/getUpdates "HTTP/1.1 200 OK"
2025-12-27 10:34:29,793 | INFO | httpx | HTTP Request: POST https://api.telegram.org/bot2123990609:AAF0MTb658CD15pPwAFWTsMesXMLiykRRNk/getUpdates "HTTP/1.1 200 OK"
2025-12-27 10:35:55,454 | INFO | httpx | HTTP Request: POST https://api.telegram.org/bot2123990609:AAF0MTb658CD15pPwAFWTsMesXMLiykRRNk/getUpdates "HTTP/1.1 200 OK"
2025-12-27 10:36:06,061 | INFO | httpx | HTTP Request: POST https://api.telegram.org/bot2123990609:AAF0MTb658CD15pPwAFWTsMesXMLiykRRNk/getUpdates "HTTP/1.1 200 OK"
2025-12-27 10:36:16,559 | INFO | httpx | HTTP Request: POST https://api.telegram.org/bot2123990609:AAF0MTb658CD15pPwAFWTsMesXMLiykRRNk/getUpdates "HTTP/1.1 200 OK"
2025-12-27 10:36:27,018 | INFO | httpx | HTTP Request: POST https://api.telegram.org/bot2123990609:AAF0MTb658CD15pPwAFWTsMesXMLiykRRNk/getUpdates "HTTP/1.1 200 OK"
2025-12-27 10:36:37,577 | INFO | httpx | HTTP Request: POST https://api.telegram.org/bot2123990609:AAF0MTb658CD15pPwAFWTsMesXMLiykRRNk/getUpdates "HTTP/1.1 200 OK"
2025-12-27 10:36:48,025 | INFO | httpx | HTTP Request: POST https://api.telegram.org/bot2123990609:AAF0MTb658CD15pPwAFWTsMesXMLiykRRNk/getUpdates "HTTP/1.1 200 OK"
2025-12-27 10:36:58,471 | INFO | httpx | HTTP Request: POST https://api.telegram.org/bot2123990609:AAF0MTb658CD15pPwAFWTsMesXMLiykRRNk/getUpdates "HTTP/1.1 200 OK"
2025-12-27 10:37:09,031 | INFO | httpx | HTTP Request: POST https://api.telegram.org/bot2123990609:AAF0MTb658CD15pPwAFWTsMesXMLiykRRNk/getUpdates "HTTP/1.1 200 OK"
2025-12-27 10:37:19,468 | INFO | httpx | HTTP Request: POST https://api.telegram.org/bot2123990609:AAF0MTb658CD15pPwAFWTsMesXMLiykRRNk/getUpdates "HTTP/1.1 200 OK"
2025-12-27 10:37:29,923 | INFO | httpx | HTTP Request: POST https://api.telegram.org/bot2123990609:AAF0MTb658CD15pPwAFWTsMesXMLiykRRNk/getUpdates "HTTP/1.1 200 OK"
2025-12-27 10:37:40,381 | INFO | httpx | HTTP Request: POST https://api.telegram.org/bot2123990609:AAF0MTb658CD15pPwAFWTsMesXMLiykRRNk/getUpdates "HTTP/1.1 200 OK"
2025-12-27 10:37:50,821 | INFO | httpx | HTTP Request: POST https://api.telegram.org/bot2123990609:AAF0MTb658CD15pPwAFWTsMesXMLiykRRNk/getUpdates "HTTP/1.1 200 OK"
2025-12-27 10:38:01,253 | INFO | httpx | HTTP Request: POST https://api.telegram.org/bot2123990609:AAF0MTb658CD15pPwAFWTsMesXMLiykRRNk/getUpdates "HTTP/1.1 200 OK"
2025-12-27 10:38:11,693 | INFO | httpx | HTTP Request: POST https://api.telegram.org/bot2123990609:AAF0MTb658CD15pPwAFWTsMesXMLiykRRNk/getUpdates "HTTP/1.1 200 OK"
2025-12-27 10:38:22,127 | INFO | httpx | HTTP Request: POST https://api.telegram.org/bot2123990609:AAF0MTb658CD15pPwAFWTsMesXMLiykRRNk/getUpdates "HTTP/1.1 200 OK"
2025-12-27 10:38:32,778 | INFO | httpx | HTTP Request: POST https://api.telegram.org/bot2123990609:AAF0MTb658CD15pPwAFWTsMesXMLiykRRNk/getUpdates "HTTP/1.1 200 OK"
2025-12-27 10:38:43,340 | INFO | httpx | HTTP Request: POST https://api.telegram.org/bot2123990609:AAF0MTb658CD15pPwAFWTsMesXMLiykRRNk/getUpdates "HTTP/1.1 200 OK"
2025-12-27 10:38:53,763 | INFO | httpx | HTTP Request: POST https://api.telegram.org/bot2123990609:AAF0MTb658CD15pPwAFWTsMesXMLiykRRNk/getUpdates "HTTP/1.1 200 OK"
2025-12-27 10:39:04,212 | INFO | httpx | HTTP Request: POST https://api.telegram.org/bot2123990609:AAF0MTb658CD15pPwAFWTsMesXMLiykRRNk/getUpdates "HTTP/1.1 200 OK"
2025-12-27 10:39:14,649 | INFO | httpx | HTTP Request: POST https://api.telegram.org/bot2123990609:AAF0MTb658CD15pPwAFWTsMesXMLiykRRNk/getUpdates "HTTP/1.1 200 OK"
2025-12-27 10:39:25,089 | INFO | httpx | HTTP Request: POST https://api.telegram.org/bot2123990609:AAF0MTb658CD15pPwAFWTsMesXMLiykRRNk/getUpdates "HTTP/1.1 200 OK"
2025-12-27 10:39:35,550 | INFO | httpx | HTTP Request: POST https://api.telegram.org/bot2123990609:AAF0MTb658CD15pPwAFWTsMesXMLiykRRNk/getUpdates "HTTP/1.1 200 OK"
2025-12-27 10:39:46,003 | INFO | httpx | HTTP Request: POST https://api.telegram.org/bot2123990609:AAF0MTb658CD15pPwAFWTsMesXMLiykRRNk/getUpdates "HTTP/1.1 200 OK"
2025-12-27 10:39:56,458 | INFO | httpx | HTTP Request: POST https://api.telegram.org/bot2123990609:AAF0MTb658CD15pPwAFWTsMesXMLiykRRNk/getUpdates "HTTP/1.1 200 OK"
2025-12-27 10:40:07,039 | INFO | httpx | HTTP Request: POST https://api.telegram.org/bot2123990609:AAF0MTb658CD15pPwAFWTsMesXMLiykRRNk/getUpdates "HTTP/1.1 200 OK"
2025-12-27 10:40:17,488 | INFO | httpx | HTTP Request: POST https://api.telegram.org/bot2123990609:AAF0MTb658CD15pPwAFWTsMesXMLiykRRNk/getUpdates "HTTP/1.1 200 OK"
2025-12-27 10:40:27,923 | INFO | httpx | HTTP Request: POST https://api.telegram.org/bot2123990609:AAF0MTb658CD15pPwAFWTsMesXMLiykRRNk/getUpdates "HTTP/1.1 200 OK"
2025-12-27 10:40:38,826 | INFO | httpx | HTTP Request: POST https://api.telegram.org/bot2123990609:AAF0MTb658CD15pPwAFWTsMesXMLiykRRNk/getUpdates "HTTP/1.1 200 OK"
2025-12-27 10:40:49,324 | INFO | httpx | HTTP Request: POST https://api.telegram.org/bot2123990609:AAF0MTb658CD15pPwAFWTsMesXMLiykRRNk/getUpdates "HTTP/1.1 200 OK"
2025-12-27 10:40:59,768 | INFO | httpx | HTTP Request: POST https://api.telegram.org/bot2123990609:AAF0MTb658CD15pPwAFWTsMesXMLiykRRNk/getUpdates "HTTP/1.1 200 OK"
2025-12-27 10:41:10,191 | INFO | httpx | HTTP Request: POST https://api.telegram.org/bot2123990609:AAF0MTb658CD15pPwAFWTsMesXMLiykRRNk/getUpdates "HTTP/1.1 200 OK"
2025-12-27 10:41:21,227 | INFO | httpx | HTTP Request: POST https://api.telegram.org/bot2123990609:AAF0MTb658CD15pPwAFWTsMesXMLiykRRNk/getUpdates "HTTP/1.1 200 OK"
2025-12-27 10:41:31,796 | INFO | httpx | HTTP Request: POST https://api.telegram.org/bot2123990609:AAF0MTb658CD15pPwAFWTsMesXMLiykRRNk/getUpdates "HTTP/1.1 200 OK"
2025-12-27 10:41:42,233 | INFO | httpx | HTTP Request: POST https://api.telegram.org/bot2123990609:AAF0MTb658CD15pPwAFWTsMesXMLiykRRNk/getUpdates "HTTP/1.1 200 OK"
2025-12-27 10:41:53,204 | INFO | httpx | HTTP Request: POST https://api.telegram.org/bot2123990609:AAF0MTb658CD15pPwAFWTsMesXMLiykRRNk/getUpdates "HTTP/1.1 200 OK"
2025-12-27 10:42:03,767 | INFO | httpx | HTTP Request: POST https://api.telegram.org/bot2123990609:AAF0MTb658CD15pPwAFWTsMesXMLiykRRNk/getUpdates "HTTP/1.1 200 OK"
2025-12-27 10:42:14,484 | INFO | httpx | HTTP Request: POST https://api.telegram.org/bot2123990609:AAF0MTb658CD15pPwAFWTsMesXMLiykRRNk/getUpdates "HTTP/1.1 200 OK"
2025-12-27 10:42:24,920 | INFO | httpx | HTTP Request: POST https://api.telegram.org/bot2123990609:AAF0MTb658CD15pPwAFWTsMesXMLiykRRNk/getUpdates "HTTP/1.1 200 OK"
2025-12-27 10:42:35,354 | INFO | httpx | HTTP Request: POST https://api.telegram.org/bot2123990609:AAF0MTb658CD15pPwAFWTsMesXMLiykRRNk/getUpdates "HTTP/1.1 200 OK"
2025-12-27 10:42:45,781 | INFO | httpx | HTTP Request: POST https://api.telegram.org/bot2123990609:AAF0MTb658CD15pPwAFWTsMesXMLiykRRNk/getUpdates "HTTP/1.1 200 OK"
2025-12-27 10:42:56,199 | INFO | httpx | HTTP Request: POST https://api.telegram.org/bot2123990609:AAF0MTb658CD15pPwAFWTsMesXMLiykRRNk/getUpdates "HTTP/1.1 200 OK"
2025-12-27 10:43:06,618 | INFO | httpx | HTTP Request: POST https://api.telegram.org/bot2123990609:AAF0MTb658CD15pPwAFWTsMesXMLiykRRNk/getUpdates "HTTP/1.1 200 OK"
2025-12-27 10:43:17,153 | INFO | httpx | HTTP Request: POST https://api.telegram.org/bot2123990609:AAF0MTb658CD15pPwAFWTsMesXMLiykRRNk/getUpdates "HTTP/1.1 200 OK"
2025-12-27 10:43:28,622 | INFO | httpx | HTTP Request: POST https://api.telegram.org/bot2123990609:AAF0MTb658CD15pPwAFWTsMesXMLiykRRNk/getUpdates "HTTP/1.1 200 OK"
2025-12-27 10:43:39,101 | INFO | httpx | HTTP Request: POST https://api.telegram.org/bot2123990609:AAF0MTb658CD15pPwAFWTsMesXMLiykRRNk/getUpdates "HTTP/1.1 200 OK"
